path,size_bytes,sha256,expected_manifest_status
.gitignore,265,b6c8ebc8eb6692ae716f7e0c2806a2ddc5ff3e917ea481d20457eebe468e062e,MATCH
.pytest_cache/.gitignore,37,3ed731b65d06150c138e2dadb0be0697550888a6b47eb8c45ecc9adba8b8e9bd,NEW
.pytest_cache/CACHEDIR.TAG,191,37dc88ef9a0abeddbe81053a6dd8fdfb13afb613045ea1eb4a5c815a74a3bde4,NEW
.pytest_cache/README.md,302,73fd6fccdd802c419a6b2d983d6c3173b7da97558ac4b589edec2dfe443db9ad,NEW
.pytest_cache/v/cache/lastfailed,2,44136fa355b3678a1146ad16f7e8649e94fb4fc21fe77e8310c060f61caaff8a,NEW
.pytest_cache/v/cache/nodeids,1564,f707f81e72ca7d29e32ded8275ab35682bf260cc24514fe4cea32ada69313b09,NEW
.python-version,5,7b55f8e67b5623c4bef3fa691288da9437d79d3aba156de48d481db32ac7d16d,MATCH
.streamlit/config.toml,265,01d6cdb4832f06ef67f0f9efef0c79b59e6e2ac59499744d46d3e134237f00e8,MATCH
.streamlit/secrets.example.toml,326,404f85f1d4da333b1c51e484bc61822a8eb81ad78ea5cb60b4030604491d3823,MATCH
AI_ASSISTANT_RESEARCH_REPORT_20260621.md,10304,19395354c7a728c51e7cb15583900d0e10fcbc5c8c32119b9ccde29320384673,MATCH
APP_STARTUP_TEST_20260621.json,467,a8b5e4965691753071b88886c25a7fd3a16fa0ebfe9c39990594d680f427c3db,MATCH
ARCHITECTURE.md,3583,327ae8dc273a2a0745d2138e7c2fbe7acf101c276eb504b32a4afdad5e384f0f,MATCH
ARCHITECTURE_AUDIT_20260620_ADVANCED_RELIABILITY.md,5998,35046db733fdfde2d6923311e6fea76f5bb0659fbe57b44f2e88c1ec2216e682,MATCH
ARCHITECTURE_AUDIT_20260621_TEN_PAPER_SHADOW.md,6353,da8a4da23d88e560aa12dd32e86aac91f1b03b19d7c98e8284e2a3d9c3a75b42,MATCH
ARCHITECTURE_CALL_GRAPH_20260620.md,3645,bfceb17fa006a3feaa0067bfa13e80c1480fc9c4e0a25b0cf11f099370edaef9,MATCH
ARCHITECTURE_PRODUCTION_PROMOTION_GUARD_20260621.md,2486,f17c02f74635bd782b5f65a1d019d85311fe0b5f8607a8a2be442b4e6110ac9c,MATCH
ARCHITECTURE_REPORT_20260619.md,3888,9eea282dd0cde02427c4cabcae001b5947f9bbbe27e383a98adb7f9f9690bcd7,MATCH
ARCHITECTURE_REPORT_20260621_SIX_FIELD.md,3683,074af186d7c1bc74c006d1b35b52115e1f94c7f97cdb4ec3a44bc757e8cca4fc,MATCH
ARCHITECTURE_UPGRADE_2026_06_01.md,3146,2241f21e265134f6d9ed5c41e14931f4accea2f10e9b951407587b98901503a1,MATCH
ASSUMPTIONS_THEOREMS_GUARANTEES_20260621.md,4500,1ab5f0b8b5b6a46ba3dc1b78c8850b8f3606fd18bd463ae4744aba071ecade43,MATCH
AUDIT_BASELINE_REPORT_20260620_HISTORY_FIRST.md,3799,d87b76720fb94418bc6a6ec1da8ca766b852ad62651d7ea579e5fea8e4e10020,MATCH
AUDIT_INVENTORY_20260620.json,983422,efd6b7441fa27ec3e396303d05cd591d222911fadc5eb997d1f11e9751ac15b6,MATCH
CACHE_INVENTORY_20260620.json,2827,a77a9d76e4f886f38207f7bbd91b5b6e3293e20c1219c1efe02a6a8410bd0297,MATCH
CANONICAL_PUBLICATION_READER_AUDIT_20260621.csv,9822,94df738f554c9e5556bb7d48d5b3182a5f5533744a33e00db22229b92546d740,MATCH
CANONICAL_PUBLICATION_READER_AUDIT_20260621.md,1804,6ffcb4347151eb45fa17a7fa66955569785fa9c4d81e832c91561ee051f7f16a,MATCH
CHANGELOG.md,3623,0b8796df71d7d0cf17c902e62ef7338f5db1ae42b9e26b1ca93b92a087908691,MATCH
CHANGELOG_UI.md,4992,256321a6f41fe493d8e9394eb0339f669cb213d429020c90c8f8913174910644,MATCH
CHANGE_MANIFEST.json,3713,e25e92252175f8d0a63fbc2189d9f94142d0ccec5b32a591ad4d7dac9af2f24f,NEW
CHANGE_MANIFEST_20260619.json,2065,aa2abe32b112739c446abd5d985344db7dcd42f9a49ff4083a461a303d3f86c5,MATCH
CHANGE_REPORT_20260619_CANONICAL_RISK_MOBILE.md,2022,28b0dc2b6f83a7c5dd4d398a6841e72bac9a6b15161219a5b19eaae8744a5294,MATCH
COLUMNAR_ARCHIVE_DECISION_20260620.json,12021,dd1585e03b1c559c1ede9d1c9758cc0528d091a92ad1fdc4c0395d71858b9e4d,MATCH
COMPILE_ERRORS_20260621_USER_CORRECTIONS.log,0,e3b0c44298fc1c149afbf4c8996fb92427ae41e4649b934ca495991b7852b855,MATCH
COMPILE_REPORT_20260621_TEN_PAPER.json,180,563e45763a5081655e479c81ea9f74bda24f9b3b39c6c4566cd7b3dca85df840,MATCH
COMPLETION_REPORT_20260618.md,7317,6a1632714f080d4a60b43319334d133e7400005e57b9aed88427326f1e24968f,MATCH
COPY_EXPORT_SPECIFICATION_20260621.md,1529,7246b23604b1de23cd43183cb57c795fcdc00abc8ade01195650abf25a4f8beb,MATCH
CPU_RAM_BENCHMARK_BEFORE_AFTER.csv,3071,f1e784121bd719d1c9ab7e8e7861a715de44bd3cb2e50bb61e9bc61043bd814d,NEW
DATABASE_INTEGRITY_20260621_USER_CORRECTIONS.json,701,f3a1f1865031a1631c47fd4c5614da02ae4fbc3ceafa401a427abd36e3cf4591,MATCH
DATABASE_INTEGRITY_REPORT.json,10291,8119acc14a02539001393511f97462badbb9bdc3f14b0dd78a0e2a6a12004053,NEW
DATABASE_MIGRATION_20260619.md,1098,fbcc7ee85a1e8ee98378d85b4e9f4421ba2c26f62be099923d621d9b6f859326,MATCH
DATABASE_MIGRATION_REPORT_20260619_SIMILAR_DAY_FINAL.md,1888,592a8e56d591b44f19e730fb41937c1155709d591afa7d60a6363e5e26528004,MATCH
DATABASE_MIGRATION_REPORT_20260620_HISTORY_EVIDENCE.md,7437,fbaf8f6a29e481bc360dcacf69be9397697359a7eb386cc7b5e86cbeb5c89dc5,MATCH
DATABASE_MIGRATION_REPORT_20260621.md,2393,727074397c51fb3d19f19bb5177781d462dce26ab25bb00beeae455d4254ce43,MATCH
DATABASE_SCHEMA_INVENTORY_20260620.json,326173,b4a3c71c80f65b83da1415909692ef4b3e97c2ff1809741d5f969591b5940a5d,MATCH
DATABASE_SCHEMA_MIGRATION_REPORT_20260620.md,2312,50834549ebb25b6466add1d564db900de96edf876a35165466825330dd93fbdf,MATCH
DATA_CARD_POLICY_LEDGER_20260621.md,984,f142c1c18b1a1f4353aebe8f9f3cb99b0afceb698dfc1a6b5fe892da4b1bee17,MATCH
DATA_QUALITY_CONTRACT.md,2344,e44a2d6aa564f5ab2aa0f092e215bad817bcfa9244049542c5504a57d1bbc990,NEW
DECISION_PRODUCT_UPGRADE_REPORT_20260617.md,7867,75f23d054a88bde2e6ffe3de9b101bc02f43a1732751f33ac3b9b9efe65956cc,MATCH
DELIVERY_INDEX_20260621_SIX_FIELD.md,691,57fa6b04795e0ef3a19375af53302de79270541e636a7c7fc642d8ff26f1037e,MATCH
DEPLOYMENT_TEST_REPORT_20260619.md,1358,e28ca8b5cad474f60238c41f3d4c223f535c8ef0b45e3a69b7f973cc1aef1075,MATCH
DUPLICATE_RESEARCH_AUDIT.md,4231,f5dd87aaa4282036fd4dc1148a75e279c56a082469a34e3ab1a332fce3c6ece3,NEW
DUPLICATE_RESEARCH_AUDIT_20260621_PROMOTION_GUARD.csv,4639,7547d0284679b6c4e9f4fad6ff11878f89a8eb2a736a7ee5783dc3b67431811d,MATCH
DUPLICATE_RESEARCH_AUDIT_20260621_PROMOTION_GUARD.md,5251,a80459f099457523267544020e6fc30fa969763fff0d1e91e25607efc084c8b6,MATCH
EVIDENCE_AND_LIMITATIONS.md,1770,97ed4ed73679234c8392f425147b6e4588743e3fc3e74c2c08426638e84e0a90,NEW
EVIDENCE_AND_LIMITATIONS_20260621_SIX_FIELD.md,1937,bc7ed9c2fadd260e0cefc9fea2e86a77a802228e732c9558b8acfb54f03deb67,MATCH
EVIDENCE_AND_LIMITATIONS_20260621_USER_CORRECTIONS.md,1254,d1db79c0cc0b7c67d373ba722ad1dd90a8609f909906ac3be1c4b8f1158a1d1f,MATCH
EVIDENCE_LIMITATIONS_20260620.md,2835,20d0fc68d639f7d747413846ca9bd70623801098c797feaeed0988105c011603,MATCH
EVIDENCE_LIMITATIONS_20260621_TEN_PAPER.md,1825,0eea83ae4102d867173df5db0812190b50f6821e92c16e767019865156e1714f,MATCH
EVIDENCE_REPORT_PRODUCTION_PROMOTION_GUARD_20260621.md,2392,1df66ff41cf6c49c4863ddf36d3a5712e1ff12b396e4a6a457e39a8a38c778c3,MATCH
FILE_MANIFEST_20260621_PROMOTION_GUARD.csv,116689,eaef87c0cb7c02df7dc71a4ad3a8f4a53208a5d3319e8dda85627c48daa92009,NEW
FINAL_DELIVERY_VALIDATION_20260621_SIX_FIELD.json,507,28248cfa3dca3e98d5712300fc2a86ce4d903abdca19aaf1dbe8e4e1ddd75b89,MATCH
FINAL_DELIVERY_VALIDATION_20260621_USER_CORRECTIONS.json,3187,0cdb910aa0bdcc9aa55056502f37ffe0c1f46f064793b81f09dce57903cb06b6,MATCH
FINAL_REPORT_PRODUCTION_PROMOTION_GUARD_20260621.md,4103,007fdf810a64ee7749f9b9f62f4b3a0a9b79d3d4a80588bbcc13423e246ed46f,MATCH
FINAL_VALIDATION_20260621.json,1819,821f08c69f4ee8daaf6e261dda99fd4dfae6ab6c459ed9b2485be8d4d4808fd4,MATCH
FIX_NOTES.md,1649,2e10b7b39162fac8676ebf06a64c8f035d4f207acf39f3476cb364030b0dc030,MATCH
FIX_NOTES_20260618_FULL_METRIC_DINNER_NLP_FINAL.md,2284,1563a1aedc92104e2b9e1745cfe32a291402ea079b30c807766c44831988706b,MATCH
FIX_NOTES_20260618_FULL_METRIC_HISTORY_DINNER_NLP.md,2100,ca8a8c7897cd3af36e632de497acfe9e94441844f071132362bb436b49564f7a,MATCH
FIX_NOTES_20260618_FULL_METRIC_REGIME_VISIBLE.md,1939,63e6ee2cb873c529e1517f0f11ff3da4cc9404ca22390267e57811a11c710cc1,MATCH
FIX_NOTES_20260618_HISTORY_SYNC_FUTURE_TIMESTAMP_FIXED.md,1273,047296d6fb0e7989213a34c564a314118331883c3dcc46bc9a2a84ef9c82a205,MATCH
FIX_NOTES_20260618_ONE_CLICK_SYSTEM_WIDE_FINAL.md,3918,b5450f6d5d478f1a182918240bd7bd72efce503a96d02b6bc1381c98956574fc,MATCH
FIX_NOTES_20260618_SYNC_MOBILE_NLP_AI_FINAL.md,3411,49d422587e43b2c6c403f24372006be25931a9eb8bb8b3a13737bac63fda5934,MATCH
FIX_NOTES_20260619_LUNCH_FOUR_CORE_FIELDS_NO_SIDEBAR.md,1948,45b8afcb9488dc7019531fd4ffa5e931e148030281ddd767c3f0b8f136365329,MATCH
FIX_NOTES_20260619_MOBILE_API_PASTE_SETTINGS.md,700,a5b5afed83119798b2dbb5045444af61944e94248ec01048719e28cd27636cce,MATCH
FIX_NOTES_20260619_SETTINGS_TWELVE_MT5_TIMER_MOBILE_PASTE.md,1596,d7351415f09e09cfa751f3f1354eb5e1ed54b26b9329af17b5de686f1a5ca1b5,MATCH
FIX_NOTES_20260619_STREAMLIT_CLOUD_IMPORT_E2E.md,1123,41e4004f177f2d8c139d277aff2239be25b74ae68982c38515e533477b1f8ac0,MATCH
FIX_NOTES_20260619_TIMEZONE_LUNCH_RESTORE.md,939,5b3d5e8f71fc0162a9ffa9d5cf62a41d2bfa3ccf47007cd47ac093eb06a7face,MATCH
FIX_NOTES_2026_06_17_FINAL_ERROR_FIXED.md,4878,7c2188e96cda08b02cd16a2a16e1dff95d9ba46b08e64e83ebb9cc5dd4a83ced,MATCH
FIX_NOTES_2026_06_17_FINNHUB_AUTO_LUNCH_REGIME_POWERBI.md,1930,6fbfdf5539710996ffbc7bf9935eb0913c43ea8806c70b4c563defe366709883,MATCH
FIX_NOTES_2026_06_17_FINNHUB_VALID_KEY_CONNECT.md,1165,d112748b7327eece065f371e90468c87f918abc93775b7859f7c940e0579cfc0,MATCH
FIX_NOTES_2026_06_17_LUNCH_DINNER_POWERBI_RESEARCH.md,2609,25c50599081303f11227dc42117fa8ef9392f74c291b9f8897299c128f526a04,MATCH
FIX_NOTES_2026_06_17_RESTORE_SYNC.md,3333,dd3208db219014aaf73a831da51fe5fc489511e89414d10b4a70821f9ecda704,MATCH
FIX_NOTES_2026_06_17_USER_REQUEST_COMPLETE.md,4490,0a431347b341b14b2b344fbb2b0671def8162738ccf316df5b058926018d92f5,MATCH
FORMULAS_ASSUMPTIONS_20260621_PROMOTION_GUARD.md,2974,8adffcead2d8dcdab977ec7180567627595daae1faba9e4d8d3cebf8343bcb5a,MATCH
FULL_METRIC_CANONICAL_UPGRADE_REPORT_20260618.md,5585,724e0fe4fd4e5e338385bf2be21d3ddd9a4d948c10c561e451340e24fdcb1418,MATCH
FULL_PROJECT_INVENTORY.md,2898,1b8a7e80b4576f3fc1275947980932311f81438e2f410206090dbb473feac77e,NEW
HISTORY_TABLE_CATALOG.csv,11752,d43c3fe48b65652c1804df1cc50f413705d6d3a4dad1129b1c5be088f75b59dc,NEW
MERGED_DATA_VISUALIZATION_PRO_PLUS_README.txt,543,d5d6fbb3e1add393cbf0df50b268683e47f689d05a1d355bca659871a94699ca,MATCH
MOBILE_READINESS_REPORT.md,1157,7031c466329b78995403be040fdde616001910e3f2645896f94c84c10e126885,NEW
NEW_HISTORY_TABLES.md,2002,59220ee4b6c89b2610b1f517cb1c5cc90006b11e52832f4da00eafdae7fb5973,NEW
PERFORMANCE_OPTIMIZATION_REPORT.md,1552,25f6b4ca58db4d1f88958a15a60e5b0fcfe1ac3c26c7491d8edece5ab12260db,NEW
PROTECTED_OUTPUT_HASH_COMPARISON.json,5220,fe75ac83e5de62bf9af73e2313c22f2b4c02a2ce5a28c5e2bd3666525b48896c,NEW
README_2026_05_31_EMERGENCY_EXIT_UPGRADE.txt,1764,1d617600ffbfac2f6110c1a317913f69852ce03f86af66f95486c0e81e9cf1e2,MATCH
README_2026_05_31_ENGINE_FULL_UPGRADE.txt,1086,23c7b10d51933e5d2c7111b7dadf352681e8eac3402026bbca15b86caa4116ff,MATCH
README_2026_05_31_HOME_COMMAND_CENTER_UPGRADE.txt,1959,86d09bd97b9271392579018d8d6e849e596a9896736fd8371c2113d295ddcb9b,MATCH
README_2026_05_31_PHONE_DOO_TIMER_UPGRADE.txt,2052,dad0e01831723b666e1fd029245b14c52d9f48410bf4f1e61ccb822fbe52e8c3,MATCH
README_2026_05_31_PROFILE_FULL_UPGRADE.txt,622,b74eccb9bbb8b98a96575555fdb4944b033362f9b1a02842a07d78f527a27ccc,MATCH
README_2026_05_31_SYSTEM_RELATIONSHIP_TIMING_FULL_UPGRADE.txt,2553,c44777afc9226f03102c7fec852881d5cf568a258ed970c86aa6b2a151dd0dba,MATCH
README_2026_05_31_UIUX_FULL_UPGRADE.txt,1218,54f3ed0bffa17227b84f2e3e512899102cfcec5c150db735c4448180b5b92949,MATCH
README_2026_06_01_ALERT_UI_DATABASE_UPGRADE.txt,2105,a7d44f6150df6acb118439fd4f08439c2646ff0ce2e17989b2db270624136bb3,MATCH
README_2026_06_01_BASKET_PROFIT_GATE_DOO_MODELING_UI_COLLAPSE.txt,652,22051f44607e3f425cef6e7444e31d335f986c6a9f8c018be8927f6c86f5fdfb,MATCH
README_2026_06_01_CODE_QUALITY_EFFICIENCY_UPGRADE.txt,1734,2eb447a20a6f49beb3b01f61efd4b433e8607a8f0e854335a9b3d4b28bf6862e,MATCH
README_2026_06_01_COMPACT_DOO_PRIME_4_BUTTON_FAST_SWITCH_FIX.txt,787,a79ed474e89ad73a932d162c277cba7870a20678ddd5d9031eb7b5093efc8ec7,MATCH
README_2026_06_01_DOO_ACCOUNT_ORIGINAL_UIUX_FIX.txt,1102,4ab8e408c5cdc10fed3bfa6f2794da274de9482572c65042b7b638a88e97f059,MATCH
README_2026_06_01_DOO_MT5_INDEPENDENT_CONNECTOR_GLASS_UI_PATCH.txt,1465,537026f7070f588c9c82bd5996b2e88f7adb3760c0551b7d28a1fdb417f90a8e,MATCH
README_2026_06_01_ENGINE_HOME_COPY_FULL_FIX.txt,1236,0d41ffad12f293d8ed0d96802f1d1f2b11974f6de16c198893d2d22576259698,MATCH
README_2026_06_01_ENGINE_PRO_DECISION_MATRIX_UPGRADE.txt,1470,30e0db7afafe86293baf914f2b0e30cb02030a9768fb21c2ac143680ff832895,MATCH
README_2026_06_01_ENGINE_TAB_FULL_UPGRADE_COPY_PASTE.txt,1336,30e6f58b5d43c4e7075811c0bf0f41e850bbe29cbee36d032bab198c4aeac4f4,MATCH
README_2026_06_01_FAST_OPEN_CLOSE_ENGINE_UPGRADE.txt,1141,d15801ea3ad82c637963adbc036aa958a4752f753f9595f926dd6e7a2f86e75e,MATCH
README_2026_06_01_FULL_UIUX_RELATIONSHIP_ANIMATION_UPGRADE.txt,1771,a595236d7449e146c27dfcab2124f837b489cd265575720deaecf108596f71b0,MATCH
README_2026_06_01_HOME_FULL_UPGRADE.txt,1131,847879f4650eeba6d4a9de95b3604f4239e7ec370a43bd249fbfcd3949302c54,MATCH
README_2026_06_01_HOME_MASTER_UPGRADE.txt,1397,adad2157ad66adad250bfa017f4e992ad4e52da140a7d19998f7b4ab95388b69,MATCH
README_2026_06_01_HOME_PRO_UPGRADE.txt,1030,bcfd68d82022231a76575f563057b2b7e2c0be94826ce5d8c2ae771ee054c474,MATCH
README_2026_06_01_HOME_UIUX_BACKGROUND_ANIMATION_UPGRADE.txt,826,b0e778665df517055225cdb371e6d06c5899a101a83edcb89c33aa42a47ef615,MATCH
README_2026_06_01_INSTANT_DOO_PRIME_NAVIGATION_FIX.txt,1125,b28529faf8cf6ce0968ec447997360cae1e97a438a6497575a733f47c14ac117,MATCH
README_2026_06_01_MATH_ML_ALGORITHM_UPGRADE.txt,1672,5f055b3b87c3b6e8d5848d9b3ac02da7493e9cb34ec526b79ac7eb6bdb681f13,MATCH
README_2026_06_01_ONE_FIELD_UI_AUTOSAVE_PATCH.txt,829,6e1b32bd7e01ab8e9f3805d6e739cd874b04f6b2c46db239eb0bd60daf158619,MATCH
README_2026_06_01_PROFILE_PRO_PLUS_UPGRADE.txt,1211,70d729b5176ecbc2b9b78b63c3fd9f6c52c6a057bbb6f61280cb7f18dac5ecfa,MATCH
README_2026_06_01_PROFILE_TAB_PRO_UPGRADE.txt,1440,07adcf4964f90eb5695b5ff66562a96d0df61aaf00af0ac9dbf814ad6533bb2d,MATCH
README_2026_06_01_PRO_FULL_UIUX_RELATIONSHIP_DATABASE_UPGRADE.txt,696,99ba75e0e40da7f5313598995bfcaabe34124d7a6e5822565586180529569661,MATCH
README_2026_06_01_PRO_PLUS_ALL_SYSTEM_UIUX_QUALITY_UPGRADE.txt,1823,a910d2b6a5f737417ca7c27e2ba4fbdd39bbbc9615b4bc8d4bd109a1c8ef6f60,MATCH
README_2026_06_01_TRAIN_DATA_FULL_UPGRADE.txt,1140,b2c82ccbbcc772eb5cda316edf688430627ed26b06b3bfa8fa0ef3ca53ae30f6,MATCH
README_2026_06_01_TRAIN_DATA_PRO_PLUS_UPGRADE.txt,1278,e64cb710a79f452ac3e5701fe99ff44ee218bcb75a557c9ed70dcacf1d17f5e9,MATCH
README_2026_06_02_10_POINT_REVERSAL_ENGINE_READY.txt,1421,c641a7bf000e2097e0097ce49762e789f1f791f410fd6640f6d55b6450648080,MATCH
README_2026_06_02_CAPITULATION_REVERSAL_DETECTOR_FIX.txt,1534,a58697c947f12af3d3936514ed9505fbd54ab34c0f15373e412456452ccb57fe,MATCH
README_2026_06_02_DOO_ANALYSIS_FINDER_UPGRADE.txt,906,f91d40a90e29ec7f85f1865998b8134d1e523450a68fdd2c6555936033138cee,MATCH
README_2026_06_02_DOO_CURRENT_SESSION_INTELLIGENCE.txt,1109,4430cd5610906fbb1a9c6197b60d683eb78333f26bab7ebb4bf43c42de046a56,MATCH
README_2026_06_02_DUPLICATE_METRIC_UI_CLEANUP.txt,1543,bda66563ffc9a66c0e9ab9b963c19784d0a3dd2d60c5bfdee0785f846fc7ebac,MATCH
README_2026_06_02_FAST_MULTI_FILE_ARCHITECTURE.txt,1383,c83c631c1eb6b9df3951a079faf20a1b58287665929a34334151d429c1c2a1bf,MATCH
README_2026_06_02_FINDER_CALENDAR_DOO_ANALYSIS_CLEAN_HOME.txt,1692,f006338a3b82be150727340f89c03c39c2752954ccf1ea8ed41b1637a632a5b9,MATCH
README_2026_06_02_FINDER_CONTEXT_REPLAY_NONZERO_FIX.txt,1337,5f27e2a2cd4324fa0ae89d3210e8cc935d36c8ca1b8523dc4274ecc216527c87,MATCH
README_2026_06_02_FINDER_HOME_SYNC_COPY_FIX.txt,1091,9e2b4826682384c221188da4459e67ee100471812fb58b8c2e7a08032da7487c,MATCH
README_2026_06_02_FINDER_MODELING_HOME_TIMER_UPGRADE.txt,1191,54afdecc40dfe1018592f19f508202e186582a125ab3ba4c717f3cdb09631c80,MATCH
README_2026_06_02_FINDER_REVERSAL_DETECTOR_FIX.txt,1377,ea94bb3ff9788fdf57d36a4efd8017995d5df931e4f97a7b3cde484d36d84e1f,MATCH
README_2026_06_02_FINDER_UIUX_REVERSAL_HOME_UPGRADE.txt,1366,5d696433eee07791a994a401b5de6d59fe2705440d5dd5ab854c5da8b26c190d,MATCH
README_2026_06_02_FULL_CORRECT_10_REVERSAL_LAST7_PATCH.txt,1615,a18b3a65eca76260c52364efce825ab638d1b108dc5c287e03fb9b86be3c0918,MATCH
README_2026_06_02_FULL_SYSTEM_GLOBAL_UPGRADE.txt,2569,cf12e567c9cf4eefefb92f2cf5339d4f86937ea686e3a112f4cc50478706e9dc,MATCH
README_2026_06_02_HOME_COPY_REFRESH_PHONE_UPGRADE.txt,1022,a9d51a00cdc84cb2f78250e7aa9102a6d7d92d14f6bdcdccd034f72356f7429b,MATCH
README_2026_06_02_HOME_FILE_ARCHITECTURE_SPLIT.txt,1749,c8ebc7ff269cc0d6f6bcce4233e399fe6050a448f228743b91d72e15c0c4d08e,MATCH
README_2026_06_02_HOME_REVERSAL_9_OF_10_FIX.txt,1273,b7a515af3872cfce67e83e1c14bcca40c31b01bec12c02dd0258ac7effdb930b,MATCH
README_2026_06_02_LAST_TIME_7_OF_10_25D_SCAN_FIX.txt,1349,7ed06ea178accea72a92b7a22e6ca4ffe5347feba114c3b69eb90c0b7ad08eea,MATCH
README_2026_06_02_PRO_GLOBAL_UIUX_SIDEBAR_UPGRADE.txt,1526,2fff05694d625e429f0da7cc6e9bd4261bf9fdf533b15242e8b7bcfb02f2b728,MATCH
README_2026_06_03_10_REVERSAL_NOISE_FILTER_UPGRADE.txt,1321,b3fa7bf5a5c781122f4eeb1d8aa9e19db15225f5596e459c89a6f3f4fa16485e,MATCH
README_2026_06_03_FAST_TAB_MOBILE_UI_FIX.txt,1353,04846e95467c60ad2109f66525498bbece166ed6f68699f03b5c09e2ea66fe99,MATCH
README_2026_06_03_HOME_FINDER_10_REVERSAL_HISTORY_UPGRADE.txt,2113,db2d17ee83fae25f622512eb1e2e40b84f15183c7153c9ea778d7ad4c2b5baf0,MATCH
README_2026_06_03_NORMALIZE_OHLC_CONNECT_FIX.txt,1128,86e9799582de65ba5140595fedeb732422377b64506a008a3ee2d830a0565c87,MATCH
README_2026_06_03_PRO_TERMINAL_UIUX_UPGRADE.txt,2421,101ae168a56919f0362757015cb22caac4d1919bf899925281e23bc082267643,MATCH
README_2026_06_03_PRO_TERMINAL_UIUX_V2_1_FINAL.txt,1489,1bb6c2d2efab1b43c638731b7682852adc40b3767b5fdfbe008a189ec7c4fb91,MATCH
README_2026_06_03_STRICT_NOISE_GATED_10_REVERSAL.txt,1277,cd02edbb397574b8a081af946570fe7e6e90b6d6b7679d1bd660f47f6bf07b1b,MATCH
README_2026_06_03_V11_NATIVE_STREAMLIT_SIDEBAR_RESTORE.txt,619,91f7dbcd1716835e1f7a8bca5c71fc241e77c5f5bf18e4ccf7d2d9451af09cd6,MATCH
README_2026_06_03_V2_NOISE_CANCEL_10_REVERSAL.txt,1400,659c54c899f615d63f4066b04b13112669a1821db675f7bdcf3f981bee645e55,MATCH
README_2026_06_03_V4_REVERSAL_COOLDOWN_FAST_FINDER.txt,1616,85d95d794df6813e90126b75f660ce994cb737d03eaeba36c27c81d0ecf8ef9d,MATCH
README_2026_06_03_V5_HOME_UIUX_METRIC_COLLAPSE_STRICT_REVERSAL.txt,814,2540948a6c6d617fb205e3254cd161cc0ea6fffa30491d74a6fd8e824ac5bc1d,MATCH
README_2026_06_03_V6_FINAL_UI_LOGIC_PATCH.txt,926,94452a6e9983692a67cdd6071cfbb065d80b39cd1aaea5a092074458fade77e1,MATCH
README_2026_06_03_V7_FIXED_PRO_CONTROL_SIDEBAR_GLASS.txt,850,b603121fc8083abeb457c42e8cb510a4cbbac5dc46a8039789ed1bf933102e6d,MATCH
README_2026_06_03_V9_PRO_CONTROL_REAL_CLICK_FIX.txt,704,52d49ff5898cc61ba58f1ad8a8973e15e24e4edfe9e2fbf8bf82bd25fe18658f,MATCH
README_2026_06_04_V13_LOCKED_TABLE_COLLECTION_FIX.txt,807,52bad91a186815fbb709fa8324cca3033a8ed220ddcd02cba0bb9b7f8408ef46,MATCH
README_2026_06_04_V14_PHASE_TRANSITION_DETECTOR.txt,1302,b6413c02218f6d01b40073ac77563ab6c95297f0e2086fd4ce69a3ff0e42267c,MATCH
README_2026_06_04_V19_ONE_FIELD_10_REVERSAL_METRIC.txt,1101,85c7919b13765fb3d51f1cdedee6657e206d3fe7e9660ae719709b52a74bfe0a,MATCH
README_2026_06_09_DATA_VISUALIZATION_CANDLESTICK_ML_MIGRATION.txt,1301,e1f6e044388e67285f46a17efa0dab176de6a5f17a94e0161949633e4791b0fc,MATCH
README_2026_06_09_FULL_MERGED_HISTORY_DESC_LIGHTBLUE_ML.txt,1087,173fd5f62b93054f72c5a4c054384278f3d50bce5e1f2d887aae58078c272b65,MATCH
README_2026_06_09_MOBILE_HISTORY_POWERBI_FINAL.txt,1492,1b3c8a803563d31a5108b9696b111a1d8b2df21beb24345e7401905314126491,MATCH
README_2026_06_09_RELIABLE_DATAVIZ_COPY_BUTTON_PATCH.txt,1373,c7531114fecf247a748d46f6a420f22db235a0e8e05ee8853084ee8d0a523055,MATCH
README_2026_06_10_NYLO_OPEN_CLOSE_YELLOW_POWERBI_FIX.txt,1151,1a8a8ca22509521d51b8465f5af2e770c4386ea9e76f8a1640af0048a54538c8,MATCH
README_2026_06_10_NY_LONDON_OVERLAP_DV_EFFICIENCY_UPGRADE.txt,1167,559c1f5f9992c167fd2a76ad764b8e908c9fcf58542bebf2e6f2ed6258d473d9,MATCH
README_2026_06_10_V5_NYLO_YELLOW_6H_POWERBI_FIX.txt,1206,81a7ccd74fef4826db46b2f559f257ed5a5f22380010758c641461db7eb456dc,MATCH
README_2026_06_11_ADVANCED_EFFICIENCY_CONTROL.txt,1222,718b7e65fc93a047a05df94273b9db782cc404384dc4f345dd3bc00771ff871f,MATCH
README_2026_06_11_FINAL_PRIORITY_HISTORY_DV_FIX.txt,2194,30c0d9cbfb899a9fef7bc24d58f218f3ee864ddd481d631b5ebf5430f30b82b6,MATCH
README_2026_06_11_FINDER_ALIGNMENT_UPGRADE.txt,1880,48d58dbae9003fd3fa4c76fbcd49b0899197ad871061516a4e7ed7879e2426f0,MATCH
README_2026_06_11_HISTORY_VISUAL_CONTROL_CENTER.txt,1823,01591d388115d032b3d5431d76ea82a702bf12c9471d0d718b11d1c249178389,MATCH
README_2026_06_11_KNN_PRIORITY_PLACEMENT.txt,1226,54ac7b98e4235291b0e1c170093549d256913f28e5c509eb8537c18f92b1b860,MATCH
README_2026_06_11_TECHNICAL_LOGIC_UPGRADE.txt,1323,50062b7a90bf78ec16c11db670b2ffa3d0b870cbb8ee8dcb2bba2d3d67b50285,MATCH
README_2026_06_11_TWO_SECTION_DV_CLEAN_UPGRADE.txt,1038,3adb559202d7857120db1fa79d69c999857f1187a5a0b609511bde2e52900bc2,MATCH
README_2026_06_12_DV_NEWS_NLP_KNN_GREEDY.txt,995,97ecc0980611e1195725510b7b5ced4d4de3466b1b76f2489a3d6c554a58ef2f,MATCH
README_2026_06_12_SIDEBAR_OPEN_CLOSE_FIXED.txt,911,6c74c8e97f562a5e5b0ebc780764ec27f6b74a398e5c7b52c60d0c15b088fe2f,MATCH
README_2026_06_14_CLEAN_DECISION_REGIME_UI.txt,1718,5f5ecb5de5f74a290b8ca4cf1c24a20ff2bdde9c6203639ce973b7d53f2f7977,MATCH
README_2026_06_14_DINNER_MORNING_DATA_ANALYSIS_PATCH.txt,1318,c6dc1045a36bb986670e748f99e33cc052fb880e465ba42ae4946d41d67f18c1,MATCH
README_2026_06_14_FINAL_THREE_CENTER_REGIME_AI_UPGRADE.txt,1638,666c123f7d5ca5afe99d0fffea81caed55f6e975cd0401d1566dcf7459a803ef,MATCH
README_2026_06_14_LOGIC_SAFETY_GUARD_HIDDEN_DANGER_ENGINE.txt,1068,2b7ee01da7842c5147142a8fc2aa49bdf2ffa78c2b4da73f416040bf411c6def,MATCH
README_2026_06_14_LONG_TERM_SIDEBAR_HARD_LOCK_FIX.txt,1293,8953f70dbf45c4ef2fe0f7b255a4ffa4a50bfaf3bf0044d755d052ebb58ea181,MATCH
README_2026_06_14_REGIME_AI_SIDEBAR_POWERBI_FIX.txt,2266,8a045ed9bd50dcd1b27cf487fbb936324ccfade37441dc657d693d7dc997cf29,MATCH
README_2026_06_14_RELIABILITY_CONTROL_CENTER.txt,1172,c7925d71bdf80f732b9877f7a7a6649229d196e8f290b8e0f878735c8245eabf,MATCH
README_2026_06_14_SESSION_STATE_MAIN_MENU_FIX.txt,1119,18befd848bcdfbbed99d42576bc74d51e26fbbb50af994500eef2a6b942ac27d,MATCH
README_2026_06_15_ANTD_MAIN_PAGE_MENU_FIX.txt,2468,ed09ea11df36a4d99a30596f39b82589884e914ec778a965fe033ab46d342995,MATCH
README_2026_06_15_RED_LINE_TAB_SWITCH_UI_FIX.txt,638,6c572ba917c3970a86174a86cc52ca31fa0322a6c54ba05543388bc248fc96dd,MATCH
README_5_LAYER_POWERBI_MOBILE_UPGRADE_2026_06_09.txt,1042,68143cb8466c82398ccade7a2541b673da84d34c5a11291191fdb87b0ded8bb7,MATCH
README_AI_ASSISTANT_LITE_20260612.txt,1277,31e561432c6284741f53ed74dc97272b6129b73390c526a3382f6122fe16e1ac,MATCH
README_AI_ASSISTANT_SIDEBAR_HARD_FIX_2026_06_12.txt,1480,c00df446a39211b79f659cf4d25a068b479dcb6cbdf343599e15165a907c69e9,MATCH
README_COPY_PASTE_DATA_VISUALIZATION_ORIGINAL_PLUS_ADVANCED_2026_06_08.txt,1054,a33a9a44443d178b1224d543cd4bada6fed2e506303a5a8326c2212b41f3f838,MATCH
README_COPY_PASTE_UIUX_MOBILE_POWERBI_UPGRADE_2026_06_08.txt,1937,42afba86026503f68555e334a908375f990947f88f7f4cebedafe42a93fe5c6b,MATCH
README_COPY_PASTE_UPGRADE.txt,828,4ab27486f1e61e8a774b89331ca7283066e163fcc213d2494cc57fd2d3ae9494,MATCH
README_CRASH_AND_MOBILE_SIDEBAR_FIX_2026_06_03.txt,887,1b6dcf25e9d4e6837bfbfbf24aae683b52649718818e463fc725413e07a372c1,MATCH
README_FAST_MULTI_FILE_ARCHITECTURE_2026_06_03.txt,1735,e81dff21aa0b2878846b8a7f40748f8ec27e16f6ef049c72f3515015b097178a,MATCH
README_FILE_STRUCTURE_UPGRADE_2026_06_01.txt,1778,00d2d5e9a0d655eaaca28fa57f62e40f386213ef5af1c6233d710c59cfe51846,MATCH
README_FINAL_SYNC_FIX_2026_06_12.txt,1120,e3aa6e65ee315ec7320c5f1bfb38a9a227dd18eda42b24d2b12687627c77b9f6,MATCH
README_FINAL_UI_NLP_CLEANUP_20260612.txt,811,7929723f172cb9a16e29fb6eb7b53d819c156c5fb3d7276c830f9e5f6813c315,MATCH
README_FIXED_UPGRADE.txt,949,3177b8968a0521dbde98bd605f9d33fc78600b054c74f56ae0ce2ca08898af86,MATCH
README_GALILEO_LOGIN_OTP_FIX_20260612.txt,926,4b3c01ca814c8d2bde01ac6721a43a628d828b5337100bc91c59640f4fdafffc,MATCH
README_IMPORT_FIX_2026_06_03.txt,836,cd4ab5a57ce1cd32541d251d34ad46e3d480cd7e0a59174ad26c6700720a3e16,MATCH
README_LOGIN_GATE_FIX_20260612.txt,746,8f023682fecb6cc226f5df34c17b1766cff9077dc246dde9ce9d4556812ef303,MATCH
README_LUNCH_FAST_RAM_COPY_UPGRADE_2026_06_08.txt,1344,666bb29dbe911a082a332635376da9f7c8694027ab33a340c2ef3e880b58bfa9,MATCH
README_MOBILE_FILE_ARCHITECTURE_MIGRATION_2026_06_09.txt,1726,716fd911e1752304977b46a1a3d0c590c9647f89349934cce3d18fcb70951aac,MATCH
README_NEXT_LEVEL_UIUX_2026_06_09.txt,722,c93ca8b91caf25ae5e523a4f431120e5709de3568244beeccfaa6eb70a29d5de,MATCH
README_QUANT_STRUCTURE_INTELLIGENCE_2026_06_12.txt,712,7f596ab38da3216eb188fb8094ac1fbabdb44ed6815d0f70cedcf4b4920060ff,MATCH
README_RESEARCH_TAB_UPGRADE_2026_06_12.txt,1618,0abf02818544bfc5cb231871b6f1ab02b39a58ca312d53fdf10709c11fff57d3,MATCH
README_RUN.md,901,c5e6e70cac1766c3c8331df598413748eb195c1416b95ef10822a380851c42b6,NEW
README_RUN_FIRST.txt,1300,90ba1fccc8e90173a744d531c888b55fdf6e54e0144a63c5a8d303965d4c7109,MODIFIED_OR_RECOVERED_BASE
README_SIDEBAR_HARD_FIX_2026_06_14.txt,999,cfa8c6d71555b2a194c348ee739f721323226fe309c95a050a25508c2c6ba10f,MATCH
README_SIDEBAR_NATIVE_STABILITY_20260612.txt,1163,b866d72edabd5968a188a532c3d49caf94148dd1f9c9a691084acdc58fcc1012,MATCH
README_SOFT_LIGHT_NEXT_LEVEL_UIUX_2026_06_09.txt,676,f5a54c86e6b3322173b0a54472feafc1bd5feead5730c259cc9efda4a783d188,MATCH
README_STREAMLIT_CLOUD_UPGRADE.txt,1299,f38b7dd7d54e91a443cc568f63738b5668f2f01a6ae0812e4ea76645ee3ff534,MATCH
README_THIS_FIX.txt,1598,b8e9bc69f3885308b08e8338f0964986ba825f9745eae8ab1c4d60cc3c61c11a,MATCH
README_USE.txt,771,d8d90d4eb9b8585fc014b0b71d55d255936c2bf3f3cf1904f871c2921f6bb2c8,MATCH
README_V15_HOME_LOW_REVERSAL_UIUX_PATCH.txt,786,6846586e4625758958f48b5c32c4a29b685499a1f1ca0d70268a63b04ddba2a0,MATCH
README_V16_8_THRESHOLD_LOW_REVERSAL_TABLE.txt,423,18214a28934c9174eec5c55ee14cdba79d1b07fae429f8409561fe536a91ae37,MATCH
README_V17_HOME_SIDEBAR_PLACEMENT.txt,965,39e88598b4ae29da0d2c8749e017d74ca05a3dc1569ee872b3dd62c6e8470c3f,MATCH
README_V18_ONE_FIELD_SIDEBAR_ENGINE_INNER_HOME_RANGE_PATCH.txt,1162,6eaa9e9c2e6b4a98d9d67f7b676515f24ad4e755a1451e66205cfce10a3bc67d,MATCH
README_V20_REGIME_SHIFT_10_REVERSAL_RESTORE.txt,950,0bc32e0420dc8099bb022c34c8bf5f96890cd23915b6447b1802c2d297f04c80,MATCH
README_V21_FULL_SYSTEM_UPGRADE.txt,1691,e8b00aabb2091d1b517965d9554767fd1ea619f57ceb99355c5c6bf000a4704f,MATCH
README_V22_EURUSD_H1_DECISION_MATRIX_UPGRADE.txt,1659,3b3bce1e8817b51aa4835638c67baca8cfd5ae842290b34e2856b4a7b1492832,MATCH
README_V23_EURUSD_H1_REVERSE_10_SCORE_UPGRADE.txt,1243,436cb32e9f616d0f76e707c65155584a312fb3c876bfbb8025991852eea1d528,MATCH
README_V24_HOME_OTHER_METRIC_LAZY_UPGRADE.txt,1480,6624bfa5016dbf29e9f2440d4cced819ad79610173d0589f7f921f3fdda3e715,MATCH
README_V25_SIDEBAR_TIMER_METRIC_DOO_COPY_FIX.txt,1124,de435c344d9148bff88c26de32f3e170316069065eab4a2b865241bc7be9d1cf,MATCH
README_V26_PHONE_SIDEBAR_COPY_METRIC_HOME_PATCH.txt,1132,6d50e4414733640e7aad166f88be77be27eda433c0ed8a7b578213fcfe72be13,MATCH
README_V27_PHONE_SAFE_LUNCH_VISUAL_COPY_UPGRADE_2026_06_08.txt,1506,7c8ecda4ce9cc6a026e4db166075da3a80baa6e9718afcc4c838ce27402510f3,MATCH
README_V28_RUN_CALCULATING_MOBILE_CPU_RAM_FIX_2026_06_09.txt,1592,65f0c0c229c9fbfb64aa33361ad5734acb282cf4a2c27742c76695af98f89797,MATCH
README_V3_10_REVERSAL_QUALITY_UPGRADE.txt,893,55d4dddfe247333ea087bd63e54a30aa1884b1339ea51793d5ee8dfd5bc764fc,MATCH
README_V8_PRO_CONTROL_TRUE_FIXED.txt,992,2d17b1387e41193236b48892b1a744030482d00a27d2a3fb77ad7d758ad4bf79,MATCH
README_WEBSOCKET_UPGRADE.txt,953,63b4964dc912779c7a9cd3c211819c8f3cfb3d9ddac59e65274c8cb6fe783dba,MATCH
RECOVERED_MISSING_FROM_TRUNCATED_UPLOAD.txt,10135,41111c08b8495e00e1599c58af43a260eaec812c985f6c435c75301b33d43aa5,NEW
RESTORE_ST_METRICS_20260611.txt,973,4d4d0fe27e7b1cb7f35edf7e40166879c8fb719426a628feefcff04484830ccf,MATCH
RUN_APP_WINDOWS.bat,113,a3883b2e9a149a90714f5c6921d742e83b15d9e2a415d4da9cfe1c31a3f749ee,MODIFIED_OR_RECOVERED_BASE
TEST_REPORT.json,1654,ddcfbefa74602793223e044448bef5f06f176365e05341bed5a6d65643b13576,NEW
UPGRADE_REPORT_2026_06_14_FINAL_USER_REQUEST.txt,1386,6bd1e15e3e51b736c1e41d3e9ac6a67b8cdec1cdd2de14fae35a9ea4e368f139,MATCH
VERSION.txt,953,ac8e10ad8da86bf2b75fbf0d5a83f9d0e4fe459122d6b7eb5bc5afb676de40b4,MODIFIED_OR_RECOVERED_BASE
_home_joined.py,130878,f422ee1c82419a3f8d91ff1618ce7203fb6423ae74640d987c740f173eee585a,MATCH
adx_dashpoard.py,904,c907f41e308aa2ffe96a04256787bf15a71b41fb42cf9421360a683847da4d8b,MATCH
app.py,547,4f45a5a8f43c9dc481713949ec332f064863e059b48f48c9e998a7446330df38,MATCH
artifacts/CACHE_DECORATOR_INVENTORY_20260621.csv,15987,70fd8ccdd3f8b4d1b4556ca04677758ac903a12e8e230260d5da836d9ee34d92,NEW
artifacts/DATABASE_TABLE_COUNTS_20260621.json,4039,6cdf462771fa842a68ed72a712bc771514167350927ae8181bbc0498d96d4029,NEW
artifacts/FULL_FILE_INVENTORY_20260621.csv,24709,9f77c89807ed2db9f33ed03ab1b4037cd3c488db786906777db16ae3a703df6f,NEW
artifacts/PYTHON_IMPORT_INVENTORY_20260621.csv,114374,af1e9a73ee0ea7f8172768b08cbe93b7d38d464f209746df699c76dc7b1d8fd0,NEW
artifacts/RENDERER_INVENTORY_20260621.csv,19940,80827054e6c914d96f9a00ec592330e7730c09f2a2d0fd57ec360ce2b7701f19,NEW
artifacts/SELECT_STAR_STATIC_AUDIT_20260621.csv,756,bc58ecd64fb0c5007fb21e51c7b406dbf657bf1baec73bedc940b99d954a4498,NEW
artifacts/SESSION_STATE_KEY_INVENTORY_20260621.csv,10450,964b3d090773dac92e93fbb6ae4aefc12abd1493332cc3e961510bb45a51e521,NEW
artifacts/benchmark_console_20260621.json,10284,84f7d289e15918b00da35c4b1b558ef9d0e794ed4dac67f84e63229b1bb31331,NEW
artifacts/database_counts_20260621.json,3517,e57a038a54f15dd6a551726bf811407f2c0a6b4fe2f309067a34eeb85ec9cd38,NEW
artifacts/final_compile_20260621.json,94,dfea1b0054bc9c44061e4c54662d2f0bfb45cf4a47ab0dd2b48bd71a11856274,NEW
artifacts/final_pytest_20260621.xml,2406,8c5c08c684458bbb8638fdb646eebf6fcca8daed414862118c00294511ca9320,NEW
artifacts/final_pytest_console.txt,99,32da8146bdd2dbbf882af718eb4802bec7cd7e58e9e4c320c7aa406c24ad0731,NEW
artifacts/final_pytest_time.txt,30,aba24a7ee5b1c5f180d284adcc341de56528f8b6e437bb06f7724a90a09afc3f,NEW
artifacts/final_streamlit.log,328,daade31a2b7bf7f6a8020e9caca4bad3383d7c4563b37e931178f9ba721d02f3,NEW
artifacts/final_streamlit.pid,6,084936d64471edd3416229e9223490f31949bae11ed9421ab59ad7c9cf4129f7,NEW
artifacts/final_streamlit_health.txt,2,2689367b205c16ce32ed4200942b8b8b1e262dfc70d9bc9fbc77c49699a4f1df,NEW
artifacts/original_database_integrity_20260621.json,2126,ae3989044966a0c09c9db8daa791e7b3dc14a80026d3702aa50b99d7c0983e46,MATCH
artifacts/per_file_test_results_20260621.json,10323,b94dbf7d32e528d7367e4a611290a34f494260d15a5b7376b65d891ac87fd6e5,MATCH
artifacts/promotion_guard_performance_20260621.json,913,9b3318c14d3097b0594b8517bec2410386ba992c6f18f5b2f3cecec3d60aa59f,MATCH
artifacts/promotion_guard_qa_20260621.json,810,c232ef1d4e8cc429afafe0d191843c870a55a710a07a939b2f7fa8130de992d9,MATCH
core/__init__.py,15,5d21070956458d55a1d0c8893c0da184747f5cd2fa96147a58c86d7389d4860c,MATCH
core/adaptive_presentation_cache_20260621.py,2548,59b908fd521aca378e3bc930d5a67c0aa64321141149c739a063fc356b6a5b9e,MATCH
core/advanced_analytics_20260615.py,28316,dcae41f8d6dc439bb924da643d246e0882c7702314ec0806924155034663b36b,MATCH
core/advanced_reliability_shift_20260620.py,89670,c3d164ca2db3a58f4e10e193366854c1b37a61cf87c0ff3393438e0ae1436102,MATCH
core/adx_shared_sync_20260615.py,48198,fb105747dd08d815157f526a88cc5662231dfeecf402c8ab103a29f0ee31c609,MATCH
core/ai_answer_critic.py,1397,b2bf83ed4f6e25c09ed2b11838ec0b4617ee08a21d9f2b56896a91d9bff9cc80,MATCH
core/ai_answer_planner.py,2766,6ec209e2c2ed60f7b77f5abb3a73b6742b2f1271c5409c0792af896d41646f84,MATCH
core/ai_canonical_grounding_20260618.py,7677,99adfb2496a0580d20e0979812640a1ead73bd5036b38c25ed47f74ecbdd7d95,MATCH
core/ai_confidence_calibration.py,1128,656373bdb8b8a76d5267ea086d323363d5be69f3801cc5ef21032badf16358cf,MATCH
core/ai_conversation_memory.py,866,f84103821339bd3d89a8b62dcd713cf978ba693f985af6a917c239882c78bd5b,MATCH
core/ai_evidence_retrieval.py,2062,ec87c0dd99c5b11d90d14cdd380912221dca86bafccdcadbfa44ec85d49bb4f6,MATCH
core/ai_grounded_pipeline_20260621.py,4518,f808799eb0f1516096f6da2813cfc5acf1e0f091b3f127b371f2185bf1afcb2a,MATCH
core/ai_intent_router.py,2624,bbc63eb7818e1f833e5752e4239d61e26b0533544e2e4879b1cb7d4d30ea5a55,MATCH
core/ai_resource_budget.py,754,9ba3f6be2081f3e7dbe9d321def880cf12f6c86d4b81b39c2c6e922c15676d28,MATCH
core/ai_source_registry.py,7532,0e3e74ad38c9e58a2bf0275a8f3713bc4534ea379f3a9d7c6c21aaa941a3e63b,MATCH
core/alpha_delta_points_20260615.py,9479,2d7b757c0eb715234b68b0ca47a790d580668af35b7221daec71aa51e1acd9d0,MATCH
core/anchor_robustness_20260621.py,8467,6b27afb9e8f3ea7f9cd17b101c2fa19e985f7fb105a3bef7f19f710b21e44b6b,MATCH
core/app/__init__.py,0,e3b0c44298fc1c149afbf4c8996fb92427ae41e4649b934ca495991b7852b855,MATCH
core/app/imports.py,731,b7c7862d31bff2378b0f72a73ae0dd89aac52246b8e17e76c4111702a9ca923a,MATCH
core/app/lifecycle.py,4057,6d92132849485af944cf1e848c35d952363b889beaf7ff3c88a4a2d41de83a38,MATCH
core/app/refresh.py,6213,d8a7ba4f69b6dc464e9fc8d5fc8dbfb9fa253ff69f58c8c6c1d83b263e2a503c,MATCH
core/app/registry.py,2564,130dc91e301e5276c6de7e1e0e2adbed5fc9ebe0fc236e3a7ac5c3764e524dc3,MATCH
core/app/registry.py.bak_lunch_upgrade,1433,b02a2d8ad6f5fbc03100a8b3c45dad6359aa6e02c447d4889fb364f0877427a5,NEW
core/app/routes.py,923,e31dbff7528af1e5f0d2ced21340dfcd790dc81a2b935e529718e5d31d1251d9,MATCH
core/app/runner.py,10784,3d478c0a23a1717065d33659eb6cd50db56df8b728c6334cf9f26ce187d212d0,MATCH
core/app_shell.py,109,aec1112c40c3a28f32df32db677e53febea5614a7cbdd95be33aa327d26ce345,MATCH
core/bounded_quantile_monitoring_20260621.py,6431,61c6e901fb97ea8de34cc276a6110127e2e19636de4604a1e3d1b14074cfb90e,MATCH
core/calculations/__init__.py,78,9e73315087acdc6fac4a527eff168048850a0ec6a607fdc9d729b819b7da113c,MATCH
core/canonical_data_validation_20260621.py,20637,156bf4afca8b5f2ba40c106d5f44ec57b6fb6811d1c333e57a10d7667a8bbb73,MATCH
core/canonical_runtime_20260617.py,44560,2d5b1007290b5cf92a493fcebb92353b24cf4af9a1025036cf88b1e869c0bf89,MATCH
core/causal_quant_support_20260618.py,66074,9ecd6c8c9dc5015b075032badc77a4f144ba3f350d71970fb09eae266e7f21b5,MATCH
core/code_quality.py,7908,2d6daa1ff4f84a563b06889fad37f4b069137e8661fa9d78e3803b0f699bc9ff,MATCH
core/common.py,747,fdf97453e4e24d3b1ca9336e3af614ab4bed1978d4ca12a78a1637f9460ee7e9,MATCH
core/compact_canonical_20260619.py,25423,ca1f7802379c2b3a735d3c7242009ac04974b6a3876088128af7fffc1fdd6d2d,MATCH
core/conditional_predictive_ability_20260621.py,13286,d35982453f7ce246b5c13513dd6e5cac31f6bbb6b2f0bb0865cd5ba68099f7e3,MATCH
core/config/__init__.py,0,e3b0c44298fc1c149afbf4c8996fb92427ae41e4649b934ca495991b7852b855,MATCH
core/config/defaults.py,3696,9074cec5f375590a7ee423c94503bf6cb6b630b152f972ae13bc9adf296df037,MATCH
core/config/defaults.py.bak_lunch_upgrade,3118,7210b1f2547139b689ca8edb7010d55f1fe7ba109c543c337ac4a5f5d21d2115,NEW
core/config/production_promotion_guard_limits_20260621.json,720,a9dbf29137bf57db19340808200acc86ebbb4c6f3599ba174bf12faa9b014a6b,MATCH
core/connector_state_machine_20260621.py,2932,6916176cbb134adb4d52701bd94128e4acb3c7aa4405baaa904158284f469941,MATCH
core/connectors/__init__.py,0,e3b0c44298fc1c149afbf4c8996fb92427ae41e4649b934ca495991b7852b855,MATCH
core/connectors/data_connectors.py,1088,7405a43cb289572076a0668e661659089f13d9ce081da10e95265d22c3bcb21b,MATCH
core/connectors/data_parts/__init__.py,51,c02cc05772a32171c6290ef4c07d39306631b80adceff1d2bcb8cf55023bec8f,MATCH
core/connectors/data_parts/account.py,3412,7ce8ca7aaf55000ff7fd57b7e7021e8a34c9ac80e9e08c5065c50d2a1cdd71af,MATCH
core/connectors/data_parts/fetchers.py,6742,aecccf296f42ddce71b9f6af45f6186a62df6b0ca314732222b9fc81acc3a6fd,MATCH
core/connectors/data_parts/session.py,12890,811344eb7191cc2d6894ac5d19ed25bad84b9865fe0b2adba6ad0f9f5c0e937c,MATCH
core/connectors/data_parts/utils.py,6486,f38d70b0180fe2c51d6781fbd6d56f94eee3b96ed2d8ea15181d2b73bf9d8fb0,MATCH
core/connectors/websocket_feed.py,13308,188fc6f76bc3b1ee6613f0ec61de13364a01e115584d6677b2849777f5b7082c,MATCH
core/covariate_shift_conformal_20260621.py,7836,77e1e643b11d65a280e30c9727c76ed6f53fa88e97fd2a1e53af9caa58e99d88,MATCH
core/data/__init__.py,0,e3b0c44298fc1c149afbf4c8996fb92427ae41e4649b934ca495991b7852b855,MATCH
core/data/synthetic.py,1348,eebf8c8ad1f4c25a11339a34b435582fb0af8c7e89d21d93232b01df8ba8859a,MATCH
core/data_connectors.py,558,152a6ecb01db776bad4869973267a2b0d86338d5c8fc5eb44138c4e7fa5f7fe0,MATCH
core/database.py,123,c73e302effc8081b210499ab68772bcbec6c135b218702348208435695c2d293,MATCH
core/database.py.bak_database_original,4250,4d663e3036a6531cd9a9095fc9cce8b64e78b12aad13c993fcf19a582513c95c,NEW
core/decision_contract_20260617.py,9169,1b104297a22c99de0170cbdbcbec92830c02b31f782e9030c322c801dc578195,MATCH
core/decision_policy_20260617.py,3974,eab139958c687022bc8ae5fc938ba5f56a11cfe3effa0736278d038006c72739,MATCH
core/decision_product_engine_20260617.py,74691,e26c948f88a96f3af4881a2d0e1b06738b4f5b9e2a872b002d8d0aa8aabdfe76,MATCH
core/declarative_data_quality_20260621.py,3728,a17829e569e73794b135100aa3196c6ecc16b034e410c01e67d165db6e7f7906,MATCH
core/diagnostics.py,2751,d6be80bf2e23492e8ed2751a435510a19bd739df34818584aab723c66350afef,MATCH
core/exports/__init__.py,35,3e40d9ec5cb4d273a58da2fc7a00ac266c4c6c78dae88caef3d9a530d78d81c8,MATCH
core/exports/safe_export.py,184,2bd56133932bbfc9a67488a00ee21d1cc27634a23ef3087b28d03de29d5da9bd,MATCH
core/fforma_shadow_weighting_20260621.py,6458,36aafbe578058b608089a6122958131733cbb4f8d2d200606d0b346f7d08ce7e,MATCH
core/finnhub_connector.py,29623,96a633b98bad15f4dfe5701437b90342d3f7f6d54afca7c7109d9b9e0df23bf2,MODIFIED_OR_RECOVERED_BASE
core/finnhub_validation_20260617.py,3087,cdeb3ca2548871d2fce7ece28d83d141c806356b5f6c3b35a032a81572347bce,MATCH
core/fixed_share_expert_tracker_20260621.py,4930,051f2c2e8250109120f5db27a4ec53bb54545cdf1922c0b1f4704d3ec0d2c73d,MATCH
core/full_metric_canonical_adapter_20260618.py,32675,b596a04ff0a1265bf1b64c95e665597e3b0eccc9a22c5b75b7be50fde82e506b,MATCH
core/full_system_upgrade.py,14258,36558a4a9d222c41d4d4ba335a7cfda2a05aa3e25f137fa640779e8d5aea787e,MATCH
core/future_layers/__init__.py,248,1075d606e4f7e743133d0e61629801b0b127c6874d0d6c6cf7b497ea5b0925a6,MATCH
core/galileo_theme_20260612.py,3841,09ff984c967db268bc42a23016a396263a05cccaa7f6cc3442ba90f190843e02,MATCH
core/global_upgrade.py,536,ceaa60b09e8c2ffdde2d0a47beccc258e0dc4dd6e5f239bccfb9a986e2712dfd,MATCH
core/history_columnar_archive_20260620.py,5472,898440ddd7d79f1a26a4f38a534e718f693bd72b98386828d8d2d8617c20443a,MODIFIED_OR_RECOVERED_BASE
core/history_evidence_store_20260620.py,17399,cd6135fe39c700173b2a7117db0c81ea6308dae3fb23bd97f0c4096c74ccf8b9,MODIFIED_OR_RECOVERED_BASE
core/history_identity_20260620.py,4608,412952ad6471066063b04d0e1c902efdb55767db3f677d42d8eaa6b8fe5646ee,MATCH
core/history_quality_store_20260621.py,24553,263e41db5b469746e02ee0577da83410987bb5531f01f75a7225f23fd5513c29,NEW
core/history_query_20260621.py,4535,420d536c2b1d38f7811d7384d47cf2cd2260b7859858605f5b982baea9a11564,MATCH
core/history_research_pipeline_20260620.py,27508,5366f026bcded2fee3492e5851ed38d3324e58c819a813cc041510495503e6d1,MATCH
core/hsmm_duration_validator_20260621.py,5789,6782ab59cb0af9b97fd9660075937d66020811036048682ebd978e860d544456,MATCH
core/legacy_impl/__init__.py,42,354db710adc1d245ea45faee6d66c528b7e4e037e2d1ab5b83c5a3cf6bea0a7e,MATCH
core/legacy_impl/global_upgrade_impl.py,791,88fbfa086c388bf267ad174ebc8ac9e93e5e059ee2399d0244a49efd0b4a4e19,MATCH
core/legacy_impl/global_upgrade_impl_parts/__init__.py,52,2a2c475a84c97f2dc5dac81d2c588f67cd812ecdf9ef02e8ecc8c51faac38586,MATCH
core/legacy_impl/global_upgrade_impl_parts/part_000.py,21323,5428fb157843aa38399e8e68a339d07b8a004e16f5d880a1dc447033ac44fc3b,MATCH
core/legacy_impl/global_upgrade_impl_parts/part_001.py,14066,2d34547d7f08b04e47bb859657f06de3a88b79fa380a7f3b3c8c8d82bf943bc9,MATCH
core/legacy_impl/system_contract_impl.py,795,42d5c1bf0e5eac2f7383f77204a968842d93b309b073aa7491a8eb8ba2fc475c,MATCH
core/legacy_impl/system_contract_impl_parts/__init__.py,52,2a2c475a84c97f2dc5dac81d2c588f67cd812ecdf9ef02e8ecc8c51faac38586,MATCH
core/legacy_impl/system_contract_impl_parts/part_000.py,16357,04a5b9ffba8c07cf0bbd8c56848fcf6d328078c1da9504d123917caf1952f13b,MATCH
core/legacy_impl/system_contract_impl_parts/part_001.py,5846,298a943d26998de7fc7b463937a67fab48cab2b77a289ed2244227b4817746b2,MATCH
core/light_auth_20260612.py,22229,d4e899da03aad9cbe7dc61c5ef7de9eb856b96ea2fe5ebf48338b56801644c42,MATCH
core/logic_safety/__init__.py,3319,59da3c9de146291cc7c014603d6874bbffb615682da2a6ef3f567d59c3153374,MATCH
core/logic_safety/_shared.py,9540,8d03ddd9985777d60ef3002fc8f2638f601d3ba6e0cee9cd6c1843b4a31a9ebf,MATCH
core/logic_safety/ai_safety_patterns.py,788,20b58cb671909fff04909fcc51d330f1cb15fd60cc604da36d33355731bdd7bc,MATCH
core/logic_safety/confidence_calibration.py,1535,32610841e546da98ca077e3b45b2e5b4695dcbb8d169f50536f86642ff509d25,MATCH
core/logic_safety/conflict_matrix.py,3672,bd05b8c83e34a2326cf3c99d07d5c40da533ddae399d96773c798ec9bc028d05,MATCH
core/logic_safety/data_quality_guard.py,4295,5c809cd80e13f26081eb471befc0ef0e78be8aa5f14a5d6d79051c24a2e240f3,MATCH
core/logic_safety/decision_reason_chain.py,2074,d37c0165ff2485fc665b1200f2f33d82e342b429482e5387cbf8a9650c40b861,MATCH
core/logic_safety/hidden_danger_detector.py,3674,615a176253692ece5eb52836881554681c15aaea1bd480296ba49c895040d804,MATCH
core/logic_safety/logic_health_score.py,3087,3133a76239a13cd23d3489f618861f832f877e1f617a83afd4673956fa949d82,MATCH
core/logic_safety/long_term_logic_audit.py,2598,764f22054734746778a0dca5d742eeb5ba4706d6ac39a2423544f7ecbf73e6da,MATCH
core/logic_safety/lookahead_bias_guard.py,1617,152d859ec23f472c341e1e5920c809974e399619e211398433ecbed32ddade56,MATCH
core/logic_safety/no_trade_guard.py,2291,b99baad01cb02eef7378d566cca253155733bccb3729704fd81313f14b760c34,MATCH
core/logic_safety/prediction_drift_monitor.py,3845,c9a90070765612158d49499d368eef90f4a1a1e88e6761a671a4b19ad8a2ab77,MATCH
core/logic_safety/regime_change_warning.py,2003,1c5e38c53b5b70ccead159428b23625e56dad4bd53ac80b5d5d36b302d1cf78c,MATCH
core/logic_safety/shadow_backtest.py,947,4cf58d9267ae53fb6ad2512e9a5820872edc720da23fd3e00389127736b29443,MATCH
core/logic_safety/signal_stability_memory.py,1639,7cb0f142c45815da27abd2a803b4a0d18c5ff1145ad62379dfb72722e19fa445,MATCH
core/lunch_search_20260621.py,12519,f64bb62a95bb905bc98eae6408db2c6559fcd9aefaef4c1c551f8a3614a50a69,MATCH
core/medium_standard_regime_bias_20260619.py,6735,f2707d52797467d14c8f361c34db716592b8020e01643b28a57f61853e475214,MATCH
core/ml_production_readiness_score_20260621.py,6723,31ed881260128c1b0fdc6c7cd92a919dab32e86b0ba6b19d6970b9f6bdca1ee1,MATCH
core/models/__init__.py,0,e3b0c44298fc1c149afbf4c8996fb92427ae41e4649b934ca495991b7852b855,MATCH
core/models/quant_models.py,25602,e05656595928cd9b4954dc7b6d2d4c1c7e057c5e7e4ac845b4e9044c3de9be5d,MATCH
core/multiscale_probabilistic_upgrade_20260618.py,64446,e682479a3cf11d4bf31b39abaf1171e139c434bacce8c8862c1444ce228a84af,MATCH
core/navigation.py,1200,400a7dcdf034bbf5072b6e53af57f181360742a475a9706ce21b7304339f96e0,MATCH
core/navigation_parts/__init__.py,111,d90bb70d37a3df3b8f4c731a4d9fb92ed923c6219091133e24e27da22149fa03,MATCH
core/navigation_parts/connection.py,7732,47f9fe8c43987678349a945aa24206ac23e0d75adff5ed3bdf4e304cf53406da,MATCH
core/navigation_parts/main.py,4991,840cafc9adea89a8406ef38114fbd02fd0abe5a7d016f16bb6e8f232168c44c9,MATCH
core/navigation_parts/main.py.bak_lunch_upgrade,9781,c9673d51e91b64980effd6f21c6f284cd87b78817b726cd27be5222c5261b665,NEW
core/navigation_parts/panels.py,7730,f487f0ec4d88ec2f1ecf1501d43de6df5a43656c87e4be72cfc87afccfd4acc9,MATCH
core/navigation_parts/state.py,2825,c337762e5764d4bb26783da07869b01bdd0e90c032981bbed2ba6b728507d56e,MATCH
core/navigation_parts/timer.py,14421,9b2994a16cfdfde2c4b13a2857d79e3dd7ea9ce01e68effda094967e5a1dac3f,MATCH
core/news_event_store_20260618.py,9457,1fb0bb43968b75af0a58de331db7dc7d1ace3f00d63eb7258e347867d4ede26e,MATCH
core/nlp_event_response.py,20489,fa917a9c57f94634e2bc1f32bbe6c5afa948e6857423c5119a1cea9cb6b9a1f5,MATCH
core/nlp_lightweight_20260615.py,18524,d87e74d8b2b4aa61a1cd2ceace0a1ac2b6407a84f906541c8bb499195cd5cf63,MATCH
core/nlp_models.py,24652,b7abcf17cb15c1e5928035e25d0774defd5851f659c57183be617f87ba971830,MATCH
core/nlp_pipeline.py,18843,1e36009e0c9609e07097cba28f67594567044215d9c628c1aa4321dc2c001012,MATCH
core/nlp_related_priority_20260615.py,14272,a85f2029b5452a7ff8399f90b012915acf8b89d963673abd949ab43ed83870ef,MATCH
core/off_policy_evaluation_20260621.py,17842,5fce83c58870ff630f951cc13c56839654efeb8f13d9d89d6a269bb0800e82a6,MATCH
core/operational_sync_20260618.py,10285,e1c1d30502bd8e1d5ec3dc3b730c4403741b330d33f3b381c164d62e8123511c,MATCH
core/performance_store_20260619.py,18563,fd2244dc0523695678a1d74f773c4c8b30d07002f8a8c432212b4ce548776e69,MATCH
core/policy_decision_ledger_20260621.py,21433,8491aeed33263f92d90f0a3735e8c3ce650cad4eff741c355c1e61c1a75a5171,MODIFIED_OR_RECOVERED_BASE
core/powerbi_mmse_weighting_20260618.py,10081,3615b7f3aea12927581a7652a470dbd6d5a9bcc9adb349cc98ca7ccf42d7df60,MATCH
core/powerbi_path_calibration_20260617.py,24326,281165aec97337f78e71dd7601618cceed49ba7604e3f6cf6dcb1fe96dd537c9,MATCH
core/prediction_ledger_20260617.py,31084,103fe5973aaf9c72cbb8a1e9d09778edf9dc3952f08677951fccc1323c06250b,MODIFIED_OR_RECOVERED_BASE
core/pro_quality_upgrade.py,7957,75c88075f6cada510821eb9056c234fb03e85d6c57fb4eb1000257af00cebb91,MATCH
core/pro_terminal_uiux.py,1559,3a343211919d47c15b14f07ada7c828dc667fa2f65832544c1efa0083fb1cbb9,MATCH
core/pro_terminal_uiux_parts/__init__.py,52,2a2c475a84c97f2dc5dac81d2c588f67cd812ecdf9ef02e8ecc8c51faac38586,MATCH
core/pro_terminal_uiux_parts/part_000.py,28500,1141a5a532d1ed17dbfbb82e0b47d79aeaf06d5ead6713832fa6f39d7755b9a2,MATCH
core/pro_terminal_uiux_parts/part_001.py,4407,773a2f39b79e2ad3aef8493f39907ea6b616b279fd3558041f878e2a6032d85d,MATCH
core/pro_terminal_uiux_patch_20260609.py,4834,508cd0e34bb735ad380b115a3ff5f1c0e26646c566d2e2cf71b44953f5641f1b,MATCH
core/production_promotion_guard_20260621.py,24564,24cf65cce7082a0bbe7dc67edb3d3abf9da40d7e6f0c3d2b22f888cd98821f9d,MATCH
core/promotion_registry_20260621.py,5689,c378049cca3967fc099b9b9d9cae220f053597bcdb155c9154eacad66c6517af,MATCH
core/quant_models.py,129,6f8833c254c1d634ef226a145ddcebb913064d329b1053544d76638ebbd21339,MATCH
core/regime_sync_20260617.py,40800,4ea0e73f606a849b5cd9169dee437cba08109c17af9ec8b92d5003c4ced0f369,MATCH
core/regime_transition_trust_20260621.py,39927,cf17a30a9751b59c130103e44eb5d3df91bdb5b9886e3733939ae3e45d5b7f87,MATCH
core/regime_trust_store_20260621.py,16187,b3a7de05074fe8c018599a8b4437d733257a0fe930bd60f07a7a382a25caa008,MODIFIED_OR_RECOVERED_BASE
core/regime_window_analytics_20260618.py,11550,f0e69da3c56eb371e34a98d7419ae3ca01b221591d6ebea649f289eec90fdbb4,MATCH
core/research_calibration_20260618.py,111289,c6796bb299b6e26d2f0bb816bfddb9820f8ca2c27117f549ff4392e3ac628786,MATCH
core/research_causality_20260618.py,2942,5a9fb8c349826644df57fa97cf4580fc8ab9ac694d24b46c5fbde1e643ace034,MATCH
core/research_evidence_algorithms_20260620.py,18276,e50a84349d5908059dd0c0704f5c32fc76ad88f15913e8fc6a712952b962cca2,MATCH
core/research_risk_stack_20260619.py,82434,4bf3e3a01170bd7b4739102ed8cb61a20c821cc5735cff1ff81e0e3fb1910aab,MATCH
core/research_validation_common_20260621.py,6161,500ef5a46f5023d3f02cdbb1bc0a1c0197d2281759b5a18407dbab9b367a35dc,MATCH
core/research_validation_layer_20260621.py,18786,5bcb877657f89c00ca89f0aa34ff02ab7e736cf69a1b09ded417766c258efce1,MATCH
core/research_validation_store_20260621.py,28963,b7c0a129c99b8d3fbf01241e909605f9b13c1e34afc1ab99aed448aa73c67d91,MATCH
core/runtime_cache_20260617.py,5326,05f0e66089d16d8953a91d57ee7247d841de867ea2fe2fbf17989f1bcd553e50,MATCH
core/secure_api_startup_20260619.py,9973,a379d57f814f6bb48f8b9b41629bb9a109d54af13df491b6bb397cbf142f57ad,MATCH
core/settings_run_orchestrator_20260617.py,87271,1e77da3f07deaac98abdee22f84ff236821f9c8c2eac451836e1add861aa7cc8,MODIFIED_OR_RECOVERED_BASE
core/sidebar_stability_20260612.py,416,7a0cbcbffd9875fae685eca0ba0618b9bc4ac263247d141fefc203e6004bef1d,MATCH
core/similar_day_config_20260619.py,1825,61a9c3e6bef123b773ecac4691cfb37ea3bf4fe81cd85aecb5a19b9be2f532ea,MATCH
core/similar_day_intelligence_20260619.py,86316,efb8eeb5be036351303f4d325b6eb4a15c4d5af26e68786314ecc129003f406a,MATCH
core/sliding_monitoring_statistics_20260621.py,3911,f4af43fab0a257ee0d0b3d3ccd8a1060ed384866d517600f93291029dcc52782,MATCH
core/snapshot_schema_20260619.py,5938,4a09e3e43536b465e715c8dac55a63792fa70e85e6747206874e554a201216c2,MATCH
core/state/__init__.py,0,e3b0c44298fc1c149afbf4c8996fb92427ae41e4649b934ca495991b7852b855,MATCH
core/state/session_state.py,2868,0446bc58c6682dfdeed770bd4bf5590518b3bf283c620402b3fd325e6c37a9b4,MATCH
core/state_manager.py,2736,e97faf75b6f50c238e9c9c1443e5b05f61bfe4e8b36f23490275648f126c30a4,MATCH
core/storage/__init__.py,0,e3b0c44298fc1c149afbf4c8996fb92427ae41e4649b934ca495991b7852b855,MATCH
core/storage/database.py,15717,639f6dd4ada4f9067bce39bd73d9cd1f2ff7e6fb9f90e40d082e06a8193f27fd,MATCH
core/streamlit_compat_20260615.py,6876,804e39b979723392e1b5a09dc5d728257a5e58a90cfe5a91da05cdae355ad343,MATCH
core/streamlit_safe_dataframe.py,3641,bc3d18b0ead0c98ee83e98f873a07313caaa9de7fed8b76c6ffc4d2c325479dd,MATCH
core/structured_result_display_20260617.py,3862,c5631a418f09b7c0cbcb8e43a5168c770154025420456eaaed74ac1d1986ca18,MATCH
core/styles.py,109,6770ef0da8c19b1239de109a6a0cf7a8b09838c73e4c80c734010661d9717075,MATCH
core/superior_predictive_ability_20260621.py,5795,4e2c27c7b0af910511b1ab500752ad87493e9c02d1339bf0374210272fe96e76,MATCH
core/system_contract.py,539,e44585c30b1cc79ef60396c3d4758ea47fc46f5da6a581caba22e546970a2514,MATCH
core/system_relations.py,3723,b3eabf85034564f7f6d4f2e1e384ef6669bb7eed07774ba3a3928f98f2dfa434,MATCH
core/system_upgrade.py,7560,955d25af93761258064a1ecd0acfe407581ff4b9c750be6da0e0d236980127e5,MATCH
core/system_wide_completion_20260618.py,12053,0fe245b2fddf4ea615f9881e3017a0cdb3fce62f76cff67711c6deeee28af2cd,MATCH
core/tab_state_stability_20260615.py,3068,ac1b31d2761341d44de7e767fe72ae8725f43d65c20826133d835a9886660466,MATCH
core/tail_and_drawdown_risk_20260621.py,14588,af1009a4f370e984325ac6d7da8fbd6812fc68fd14d7d95484ec2c6d8ed38a7b,MATCH
core/ten_paper_research_layers_20260621.py,83747,770469ac1c1490dcedee4db0dca7c981c2b3ad3ddce39d89dc3b11088f845c84,MATCH
core/tinylfu_runtime_cache_20260620.py,1259,d7ef76f9e0356e3a5da4536ff98e06ebcb2649c67c2b41b7e48654a0a7d6088b,MATCH
core/trust_config_20260619.py,794,69a16ff1b07708d3cb0307872935cd3c28b711bf0b812879da5ffbe06f0737ea,MATCH
core/trust_history_20260619.py,55364,8e4577a535b0470e48d97372de3c991229e290798e983d741b0896815c47721d,MODIFIED_OR_RECOVERED_BASE
core/ui/__init__.py,0,e3b0c44298fc1c149afbf4c8996fb92427ae41e4649b934ca495991b7852b855,MATCH
core/ui/app_polish.py,12916,e37e2d7323d017300bc38bd9762f43d6621569211fbce300161a299c43b64678,MATCH
core/ui/blocks.py,4317,f937320665e5def2061666f5abab1d0063ff6deda93d898edbfa9710dfbb65be,MATCH
core/ui/compact.py,1858,38d0f6857c87fac84099b565825b74c4c361ad5e2eff45fd29bba4defe7ec525,MATCH
core/ui/effects.py,6991,5102088a3e3a4207cf0947dde38d1d54a735c69ce2c1f91a362a97bafcd8b4c3,MATCH
core/ui/helpers.py,6517,fca5e54e88dcd4212861f2f74f2e15cb29b96e348b77e5c4308b9a52c115a74c,MATCH
core/ui/legacy_impl/__init__.py,42,354db710adc1d245ea45faee6d66c528b7e4e037e2d1ab5b83c5a3cf6bea0a7e,MATCH
core/ui/legacy_impl/styles_impl.py,59971,91570a9325cbcfd03390c217e5b23b1ca5496e87c53607a470e0ebfd8912740d,MATCH
core/ui/legacy_impl/styles_impl_parts/__init__.py,52,2a2c475a84c97f2dc5dac81d2c588f67cd812ecdf9ef02e8ecc8c51faac38586,MATCH
core/ui/legacy_impl/styles_impl_parts/part_000.py,11664,b4d718154d35ed8ee480a8777c6bfd7b9f076830fa7a8081acaf14e24e98c445,MATCH
core/ui/legacy_impl/styles_impl_parts/part_001.py,13742,47e206de8a7e79f69375438af9dc3ae8199d2d0a88b4b0c324e179d2cfa97b40,MATCH
core/ui/legacy_impl/styles_impl_parts/part_002.py,20400,19fa7d15bc2b89e6ff5b2c5e7b090d92b106002f02993b829ba5b8f164ad8213,MATCH
core/ui/legacy_impl/styles_impl_parts/part_003.py,15650,b21cbfc6007a69e09af2ab016be28058c5a0e5c48f101ebc05b207cb335a32b8,MATCH
core/ui/relationship.py,4560,4995f13ff0d4e5b3a2cf97bf490faa09f4b6ecff755ed3b410cd830ce4afe832,MATCH
core/ui/styles.py,9010,572934e5518cf5b546daffb03d706c97f4de04c637ba2cb860d50880f550f925,MATCH
core/ui_helpers.py,111,d191765f75f4764ec8f8638039bbb86f29ce4cb8f7fa74ad282b9358b3559f8e,MATCH
core/ui_relationship.py,121,25fca3e69af1552b8465101b8764137c3eee7f125e32fa251c190607671b33a6,MATCH
core/uiux.py,109,0d80b3465534c9d9f4c309cf337ed51bb5aed092a953c465763205dee1d35ea3,MATCH
core/upgrade_architecture_20260615.py,3492,0f0efd43353f69e7115eaabd361ceb64d6cf276533981897883e7183573955b5,MATCH
core/utils/__init__.py,0,e3b0c44298fc1c149afbf4c8996fb92427ae41e4649b934ca495991b7852b855,MATCH
core/utils/numeric.py,633,6fc2cf64eeb50e8a0a91b452d4e955adf0296b03161126e648168da522d5eda1,MATCH
core/utils/symbols.py,182,f06bd1d8a3ecb836335526c7922376e25ce2da54c80f79e93f9170b90febbdf4,MATCH
core/utils/timer.py,1463,18326067d7aa7af3231b2914ad9791cd7d0332248f1e1a58a35a2fca6a03f7c5,MATCH
core/v6_final_ui_logic_patch.py,6219,49aee4dba21e6035ef833033ef6e8c055a22d5736ff7e21da3f8d3576a0245ab,MATCH
core/v7_sidebar_glass_control_patch.py,401,a9b3138862b74db47f75fa91261ab2a41b2c962885366f0dbc3307551746d40e,MATCH
core/websocket_feed.py,141,1bc06573416e4e7326070341c4cc352c899318c96e0dbea12490e3a7c9034bf7,MATCH
core/windows_asyncio_compat_20260619.py,2179,7d5c6971dfa315ee974ae96b30b3dff15d66d2d515eae763d01f10266442423e,MATCH
data/adx_runtime_store.sqlite3,118784,e4359bd5d74852e658fe16a794dd3743ae0f94682be9a133d67eb3f30bc37a02,MATCH
data/adx_similarity_store.sqlite3,28672,22411dd39ea2a47e0ce1469a3040d55ca4df1eb3674af3e4821292f6b464fa46,MATCH
data/canonical_runtime.sqlite3,1273856,38de0cdc8696167a017e85b500d31f07b510a9e33e33850ae48b2fe8ce5e0a25,MODIFIED_OR_RECOVERED_BASE
data/canonical_runtime.sqlite3.before_history_20260620.bak,81920,bbf0c0288ccce3026b60d3b4185b8e9ad167edfee9deaf2b7b1846f94f04b7f7,MATCH
data/data_quality_events.csv,1689,39841ef050f0bde6d45f26b2cefd25c370e0ad814682ea834af57defe9ffbded,MATCH
data/doo_prime_account_history.csv,375,950b1a8bb2b3749e97a25957b1e35e198ed636ebeacc931e77bd35aad101556e,MATCH
data/engine_mix_snapshots.csv,3834,20111867e487dffeeea17c92f9c6d70263bcf6f129febd7e058afa76b7f4d9f7,MATCH
data/home_snapshots.csv,5940,44da1b2f2d962934b7683662b5c6234baf3f5c4b447f68370f725aeeb454e2c2,MATCH
data/home_split_package/README_USE.txt,507,fe66fa81bc5a44cb977a81fe0f06159a2f88c2c40da6a5c0887e818bdbf80365,MATCH
data/home_split_package/home.py,23967,2ff9afed8f21305de22f5149305264817f52b916ea1fac3fac1f85d26a0f2b09,MATCH
data/home_split_package/home_split/__init__.py,23,0d8c56a3499c03dd1059fc5151e676f20420888d86a641bd07cef7ec30f354ae,MATCH
data/home_split_package/home_split/account_panel.py,218,474c54c567376545470839bf3bf458e8f86955eb37e5f03790c2a5803a419ef4,MATCH
data/home_split_package/home_split/connectors.py,295,8df51fbe07b35885606654288581853c4fd6e647eebad7744c1a9c5150ec84f2,MATCH
data/home_split_package/home_split/doo_prime_panel.py,210,35e7d6c14288b42b1f724b2fa47922790229932810260f29c8c502cf8b8f2948,MATCH
data/home_split_package/home_split/helpers.py,371,ec87af28ddc23e6d09bd1385f7a50874d2f411ce640240ed593821732f48a637,MATCH
data/home_split_package/home_split/home.py,23914,31ad058287279322918325c0cef2635c38fc4f722f164de961f950c423bcf719,MATCH
data/home_split_package/home_split/implementation.py,761,cfa1b3386086d69f64885892a3f1b31365691aa0da89d36672c25fdccae8d432,MATCH
data/home_split_package/home_split/implementation_parts/__init__.py,105,5e70032694827f9c941de82834eaccd303d033c4eca4940bcd9f596cde125453,MATCH
data/home_split_package/home_split/implementation_parts/part_01.py,11155,04f30664d82033777848b23c5c3b5f9bc21b583c37e1bf5dbc948929cf78f473,MATCH
data/home_split_package/home_split/implementation_parts/part_02.py,15840,77087262dec2b746bd9382674e2de45299e5e4b9f6d1c53e71f4015725ff11ea,MATCH
data/home_split_package/home_split/implementation_parts/part_03.py,8211,c4e3d59ea7b2951e8a81d8744d30888581b9c815bef4177e85be90115d6b4fc9,MATCH
data/home_split_package/home_split/positions.py,271,2bf5855c484e7d9af16a52a250a918efec95486c277816cc6d085f3ca21c1a64,MATCH
data/home_split_package/home_split/risk_panel.py,205,546b1975dd4b24a047a0effd8e670ec28f1d84302bdba97709984ac6f60d200f,MATCH
data/home_split_package/home_split/risk_status.py,227,d75ba5edca74cef72c662e66384d7a5e95ed37d3e4aaa6b7cc80beacb9bd1e01,MATCH
data/pre_manual_runs.csv,306,9303b54ddab1d04c0d838a2da59ab42bc2c3a89766608a72d79985acc9488b68,MATCH
data/prelive_snapshots.csv,12702,522ecb939f1a38fa6146572be4a4c9f3670527b20a67c80c21b8800c0c726d20,MATCH
data/pro_quality_events.csv,3553,ade97a2631acdd583debae4dae2201bcabccaef4939a9f22af19c33040475f38,MATCH
data/quant_app.sqlite3,114688,1f849b243d95b2fb15aecc7391be46de192bbf3485a4ab3bb56e2b6b9052949e,MATCH
data/regime_trust_history.duckdb,274432,00b0f0a6b9d6deb723771c1ac124bed1f5a9ad625bbbb39daf63a530595487cb,MATCH
data/reversal_locked_v13.csv,278656,8429be0d8703badd1268fbc29bbd99bc61c089616833a959b618bd7f2b809ef7,MATCH
data/risk_snapshots.csv,2118,5d2e8b66af6be75e6660c4d94eb52f04efe1fdfc9d569ece01b47071e516e3dd,MATCH
data/runtime_snapshots.csv,8521,bcd2b3e10d07775a5e4abe8f37e97fa3551b96814d4e7aa3d9df186e846478ce,MATCH
data/saved_notes.csv,109,cb52343302d73e9bf703ce1f6824aa45f267fccb8d1ba214b10c49440ccea289,MATCH
data/system_events.csv,4812,41125f23e5a13233e837dd62d37d4b68848ecf344f1fd766528d5526e8b4b243,MATCH
data/timer_history.csv,167,1dee0f24d1ec2b7dc04009c400dcff4f6d29973084151a08a4f660413f6b2d78,MATCH
docs/__init__.py,0,e3b0c44298fc1c149afbf4c8996fb92427ae41e4649b934ca495991b7852b855,MATCH
docs/architecture/FAST_MULTI_FILE_ARCHITECTURE_2026_06_02.md,3364,2e6c1c9d6e2513d34de2842dc1da4f138237078d2255873c1720f4bab663772e,MATCH
docs/architecture/FUTURE_UPGRADE_DOWNGRADE_FLEXIBILITY_20260615.md,2088,b647b01f37e4067262ab5c5dcddeb71c544125cf3f528d775e305bf533ebb37a,MATCH
main.py,408,e3001368e64f7397f1b6a5c9c639adb1f1d3aef931f609da4ec69fbe7ab7d073,MODIFIED_OR_RECOVERED_BASE
migrations/20260621_history_quality_mobile.sql,253,b90fca57ce6c46fb6c55921e31fdecd97f5625566b80947cd98444d52f17de44,NEW
pages/__init__.py,71,0256511bd4a95c073ec89a23d144fc85946041ac1b2cbce634933852c7bbf2f2,MATCH
pages/ai_assistant.py,171,eef9c5564b6fbb9e78d65ae85b82e7c2bc9fd7eb9b45dcf8c291d5b11f12f286,MATCH
pages/data_visualization.py,144,53348d115fce974b3a7274f22609126188e1a466601fa92ea1d9b0234d0c3f44,MATCH
pages/dinner.py,144,53348d115fce974b3a7274f22609126188e1a466601fa92ea1d9b0234d0c3f44,MATCH
pages/home.py,146,539de187ae26dda91e854f734f0e840107d0570ee668478fd8b8eae7bc9f6079,MATCH
pages/lunch.py,146,539de187ae26dda91e854f734f0e840107d0570ee668478fd8b8eae7bc9f6079,MATCH
pages/morning.py,144,53348d115fce974b3a7274f22609126188e1a466601fa92ea1d9b0234d0c3f44,MATCH
requirements.txt,1022,401d8d55f74de251492c3a354d7a84c4efb21429162195fe6160c8bb1595aa0e,MODIFIED_OR_RECOVERED_BASE
requirements_research_optional.txt,383,45019fe57939c5afc309c649c031e4a5827b8c2f2ee865aef77a1fa270d98fc7,MODIFIED_OR_RECOVERED_BASE
runtime.txt,11,06d4dc8cdbf3665ede2a57add8c500cddb9669b9240bcc9492e9a2fc7efec759,MODIFIED_OR_RECOVERED_BASE
scripts_migrate_history_quality_20260621.py,392,4bf7241a975e42a7995679ed723734ae6ceb04d6b363c867b7c1c0a211a2803a,NEW
services/__init__.py,87,054f8ff2e014f6b66809498eede895ab80014c0257ec3e81ca27338a7238e521,MODIFIED_OR_RECOVERED_BASE
services/canonical_snapshot_store.py,7213,38a08fdecdb0ad453a0a275ef4a302bb6a1447e686f36305ceaa2a21edea9ea4,MODIFIED_OR_RECOVERED_BASE
services/position_sizing.py,1614,1e8ae84a721cec6bd08433f2b92c17d116114ec83dcf798426b26bf38cd24a6b,MODIFIED_OR_RECOVERED_BASE
services/tracing.py,447,33d25f3d0bf51c13a4f9906901c90567d8a1c658f46dd2c06357beb66821c863,MODIFIED_OR_RECOVERED_BASE
tabs/README_USE.txt,771,d8d90d4eb9b8585fc014b0b71d55d255936c2bf3f3cf1904f871c2921f6bb2c8,MATCH
tabs/__init__.py,15,b452560e3b9dd007fea099256c4824f732e840a33e1c5345c14b32b0f4ebd78e,MATCH
tabs/account.py,40,ff75f9a93c11521c531c8cbc3bd8e6aa0b1c575f4c9abad95e20c44fda9aba3a,MATCH
tabs/account_split/__init__.py,155,8108f3f5a97925e54cd25950c0f132c91fb366774586aa5af8bb406be27023e5,MATCH
tabs/account_split/account.py,403,90259c0d6dac7e7632a26498fdce741dba716d2d3069a4cc10ed7f5dfcf48e59,MATCH
tabs/account_split/dp_account_panel.py,684,75a65e49d8e520ba97e31600bc0607c7149faca048428c24101ce1609d27964c,MATCH
tabs/account_split/dp_helpers.py,2372,d897a591f96ddddf453bcc6710f347772fc50f85a9e2f3fec3509a3ae585f5db,MATCH
tabs/account_split/dp_metrics.py,1495,c9e2a3cea3086721ce4dce1a7d2bd4d42674bdba819aa2b9aff428b36bcb3aeb,MATCH
tabs/account_split/dp_positions.py,3715,19aa6f515dfc54573424434e51f6353a92726149b4193c0285cddd2f5f5292da,MATCH
tabs/account_split/dp_risk.py,396,819ed65887122faf95f9ab549ab9d2815ea374134615b25d2f95a8ac42c6ddd2,MATCH
tabs/account_split/implementation.py,594,ca3246317e3257986c2795d7ec3ba4cbfdd77605b82b9d1b0a3ff9e770d8bdfb,MATCH
tabs/account_split/legacy/__init__.py,0,e3b0c44298fc1c149afbf4c8996fb92427ae41e4649b934ca495991b7852b855,MATCH
tabs/account_split/legacy/implementation.py,780,2964b4a14b3b109fc8972a021e745cec4224f4c25d08469e7e835e6410795e6f,MATCH
tabs/account_split/legacy/implementation_parts/__init__.py,52,2a2c475a84c97f2dc5dac81d2c588f67cd812ecdf9ef02e8ecc8c51faac38586,MATCH
tabs/account_split/legacy/implementation_parts/part_000.py,15014,e1f32ff46c7783b2331a1d02775166574a0b1a9116429659f977d35b5cb43359,MATCH
tabs/account_split/legacy/implementation_parts/part_001.py,15545,f816c14b10326b3f99203a09b2df0ec1d8b04364fd9a965640c7a9b06aca5566,MATCH
tabs/account_split/legacy/implementation_parts/part_002.py,18468,4a1eadd497dbceb5060741c1605f06ddbc94e9b6dab9f194cf3e0b142833cf69,MATCH
tabs/account_split/legacy/implementation_parts/part_003.py,23775,ca210d77ffc94f987239a614787081d61894740c50d0f4e4399a68adbb64f3dd,MATCH
tabs/account_split/legacy/implementation_parts/part_004.py,17079,5af8b90bece4ca678d29f9b99f6d5b03cd541981f869fec8781ceb2c9eda338a,MATCH
tabs/account_split/legacy/implementation_parts/part_005.py,10792,c7985b764a9c8bea1239fa00b6a9ddbeabc2b2aa3dc5cee5913b246043f7369c,MATCH
tabs/advanced_efficiency_control_20260611.py,20783,c4f4742ee2696202659c1aa534c316b4e03c84656b2fcd530a08d5d36c811214,MATCH
tabs/ai_assistant_lite.py,116418,d7bbb633ea5f7ea6e1a71f6bcd7e7292137032039c87f7cadf3cc26742bda8d0,MODIFIED_OR_RECOVERED_BASE
tabs/ai_assistant_lite_home_patch_20260612.py,4606,f19e69a45b8b16242d3a0ecaf34d373886f22352f0a8789055c2e2c15575062d,MATCH
tabs/antd_page_router_20260615.py,11475,d3fee2d6b321e3b33264c0412e3a55724065a6c0a8cf5a19209a3a777352c6a6,MODIFIED_OR_RECOVERED_BASE
tabs/clean_decision_regime_ui_20260614.py,33922,a4455617a86a3c66d8dc2983d1fa83b8fa6468ff8e786ad8ac8e75ff143ce62b,MODIFIED_OR_RECOVERED_BASE
tabs/database_tab.py,4395,3bc5b5429edb9709b39119962a2974e87383edae365212f46404b9092ac1c573,MATCH
tabs/dinner_morning_data_patch_20260614.py,46959,d41cc1a3c7255415fcf39db2c4265fe9ee88a635cb91415a0adb3e35b07c8182,MODIFIED_OR_RECOVERED_BASE
tabs/doo_prime/__init__.py,0,e3b0c44298fc1c149afbf4c8996fb92427ae41e4649b934ca495991b7852b855,MATCH
tabs/doo_prime/account.py,99,d5e58f3bd8d4f4b5eaef9f388d0c0199c08df0b3235bb788945ea36df25bfdf6,MATCH
tabs/doo_prime/home_analytics.py,203,dcc18e3cce4f3f2206612efcfc7500d9012fbde649c017348e425b387e581721,MATCH
tabs/dv_home_unified_intelligence_20260612.py,35286,b8844a4f7f1f2ec3170ca117759ad8aa6c1912429733f5b3975b01c722d3bad6,MODIFIED_OR_RECOVERED_BASE
tabs/dv_news_nlp_intelligence_20260612.py,39543,c01ea44571cc8b7e413f01220b32908a5dc381e1cb9151299f6cc979ceb5c4c9,MODIFIED_OR_RECOVERED_BASE
tabs/dv_quant_structure_intelligence_20260612.py,25568,0e14b2d7c034e1bdf9086eaba4f2792f1f33a926bda643aeff1e0c45ddccca0c,MATCH
tabs/dv_research_alignment_20260612.py,15697,034af3d72f3ba9398cc2ad47e525a81d64fdbec447edb4ac6d6b299da5995270,MODIFIED_OR_RECOVERED_BASE
tabs/dv_two_section_clean_upgrade_20260611.py,21554,baa05e33d4c99f5022d5af6d3a8d12507f8f8a455579d6980a684705be85d136,MATCH
tabs/engine.py,691,d7f932d9eafd6df63e2d96927eb066c2ec09a5c88c4e600b4c9ee39e96e051b8,MATCH
tabs/engine_split/__init__.py,34,4dfe07fa73e0b6f7c413e30eeb57415a673b718be157b179c7a2a552a6645ed2,MATCH
tabs/engine_split/combined_engine.py,19180,7aea91b1b4b23939d422c9d7b291570f2e5c28b38f1bd7bc206ae61b260c2050,MODIFIED_OR_RECOVERED_BASE
tabs/engine_split/connectors.py,1589,fb9e6264cbe37921db152c1867868af64ca207eebd1bf2bf144f8af64e9fa6d4,MATCH
tabs/engine_split/legacy_impl/__init__.py,42,354db710adc1d245ea45faee6d66c528b7e4e037e2d1ab5b83c5a3cf6bea0a7e,MATCH
tabs/engine_split/legacy_impl/original_backtest_inner_impl.py,840,c605b22453d4743a4f1b91506c604835a247ae3b8f4a64e6139b06de8fd0fbf5,MATCH
tabs/engine_split/legacy_impl/original_backtest_inner_impl_parts/__init__.py,52,2a2c475a84c97f2dc5dac81d2c588f67cd812ecdf9ef02e8ecc8c51faac38586,MATCH
tabs/engine_split/legacy_impl/original_backtest_inner_impl_parts/part_000.py,12240,e8efc585c72f0294f152ffb7bee89378f2a7e3fdb909c3b97ccb3da0d2c624c0,MATCH
tabs/engine_split/legacy_impl/original_backtest_inner_impl_parts/part_001.py,11726,a1b90e4699ed6e7be5223858eeb5fc1d3160d6ff3af013cb16db356736849f8f,MODIFIED_OR_RECOVERED_BASE
tabs/engine_split/legacy_impl/original_backtest_inner_impl_parts/part_002.py,11732,ca3cdf39e880b9a7b38b13ddf57b3eb14492cb046c9a518d2b0e4cfd5f47ce74,MATCH
tabs/engine_split/legacy_impl/original_backtest_inner_impl_parts/part_003.py,9323,9286c0a9d22aa0421ee16ce788365bd9d7297a4e82a681071402a6ee9c94a582,MATCH
tabs/engine_split/legacy_impl/original_engine_inner_impl.py,832,427d3b0906330898016fb652321fb512e126f5164380e81ffcbf41151d209f81,MATCH
tabs/engine_split/legacy_impl/original_engine_inner_impl_parts/__init__.py,52,2a2c475a84c97f2dc5dac81d2c588f67cd812ecdf9ef02e8ecc8c51faac38586,MATCH
tabs/engine_split/legacy_impl/original_engine_inner_impl_parts/part_000.py,13303,6b69a7b8b5480c76d6709986c14d03c0c74006f46ad9dd181e304c85526f99a4,MATCH
tabs/engine_split/legacy_impl/original_engine_inner_impl_parts/part_001.py,17709,92325751ae8d0efec0777da25c4d253d96af030fa464856716e78fb50304dbeb,MATCH
tabs/engine_split/legacy_impl/original_engine_inner_impl_parts/part_002.py,10169,73bd8e920a91c0dd4f8aefe6a8110e5fbb6f0bbf0973e3d211f0c9484b6e355c,MATCH
tabs/engine_split/legacy_impl/original_prelive_inner_impl.py,836,6d2fc26975a723cb509f215c41cd30f1cd61632fcf9c077b03bb4d09670cfb53,MATCH
tabs/engine_split/legacy_impl/original_prelive_inner_impl_parts/__init__.py,52,2a2c475a84c97f2dc5dac81d2c588f67cd812ecdf9ef02e8ecc8c51faac38586,MATCH
tabs/engine_split/legacy_impl/original_prelive_inner_impl_parts/part_000.py,15272,c7ca0b75b2761dc56d0d873234b8e95803fe7ac310a836cee32a013f81772e58,MATCH
tabs/engine_split/legacy_impl/original_prelive_inner_impl_parts/part_001.py,3828,c586e2759028360155fb444416870d6e03f7e8c924a1df7455901df06bfeb170,MATCH
tabs/engine_split/original_backtest_inner.py,602,a5ade847b65636839e91e2e0abb1ae12154d41f5b6bdff271b9a94235f4dce8b,MATCH
tabs/engine_split/original_engine_inner.py,596,d45e37594f47dc471d629dd2992d39ff25270c7a49a6b9aee6aed5c2303e1392,MATCH
tabs/engine_split/original_prelive_inner.py,599,46b5376d3817fb008c66c819f9e5bc4e524a125dca03952d1c3ab8955cf72aba,MATCH
tabs/engine_split/pro_engine_upgrade.py,15907,6a4acc9558d4147e9ab5aae25596ad7035ebd61523a49fb1e7fabaa82d6d4e46,MODIFIED_OR_RECOVERED_BASE
tabs/engine_split/shared_state.py,1088,bce37d3870ff4d550318abb79818e501a85160465546423813b84c1709dc6f49,MATCH
tabs/eurusd_h1_matrix.py,30390,a5bfdcdc4acd019dcb671b42677b085920e5dbeeb3ade62d063007ecc844534c,MODIFIED_OR_RECOVERED_BASE
tabs/eurusd_h1_matrix.py.bak_lunch_upgrade,29969,632007e8279a82c4c9f3c292a742748613841c7de987b775948755516046fb0f,NEW
tabs/final_priority_history_dv_fix_20260611.py,21634,a1158290f3434484e17765051ffb6400b6fdedbb1f4831a2b651fb51ba19f372,MODIFIED_OR_RECOVERED_BASE
tabs/final_research_projection_auth_sync_20260612.py,53392,80c46a0a3fc88e765a1387338795a6185576c2226aa6275dd1203eefea7f0e0b,MODIFIED_OR_RECOVERED_BASE
tabs/final_three_center_upgrade_20260614.py,39618,1b93dbc00d5f528d8a88aa623d4bd1a7d6d39fc8521533cb613dbd5d5347e0d5,MODIFIED_OR_RECOVERED_BASE
tabs/final_user_request_20260614.py,16994,521502c8874b9bf2800fc16992a91c2035238a63550186e9363b2f61a2c23871,MATCH
tabs/finder_alignment_upgrade_20260611.py,13215,ba619a91ee5fbcca36d9039583b4ae59ed87b1aae31d34abc526e16c9b2f7c89,MODIFIED_OR_RECOVERED_BASE
tabs/history_visual_controls_20260611.py,17856,1ecd011b42e921ab134fb8990b647e6566cb36568cf52bfc50b827a1bf6bd368,MATCH
tabs/home.py,11601,5387a1cf446db86f9e0efdb8c6f78e835e20f0a117e358fba009c81c8a58afcf,MODIFIED_OR_RECOVERED_BASE
tabs/home.py.bak_before_5layer_powerbi_upgrade,71862,9a41ec3230f02c10ab9006e19608360d4233c53b7d84ca4b97b3b07c8a09e982,NEW
tabs/home.py.bak_lunch_upgrade,25551,b36f40dd09053b490d05992410b85fd064b70b41b2752716583381f997ff3bf5,NEW
tabs/home.py.bak_major_regime_powerbi_upgrade_2026_06_09,76796,bf44b3bbc820f3b344106097466eae12f6b0195ecd2a40efe702d7ac3982dae8,NEW
tabs/home_parts/__init__.py,52,2a2c475a84c97f2dc5dac81d2c588f67cd812ecdf9ef02e8ecc8c51faac38586,MATCH
tabs/home_parts/part_000.py,19919,70d341d692449490a0a6b0d2cec1bc3104504348b4698a45f7c115191d933262,MATCH
tabs/home_parts/part_001.py,22159,b030c9d68628a1dc4bef7ed62ba90083467e7ba3a80170d39023704c2cdf211d,MATCH
tabs/home_parts/part_002.py,24238,68d481c8949d51066e2bc0b19a1aeb9b374d05547f6d5a0a5b35e879c249643e,MATCH
tabs/home_parts/part_003.py,23636,3d11d2eb4e240ffbb52093a897812320b0497146aba7d31ba7f70febaf73a868,MATCH
tabs/home_parts/part_004.py,20122,73b201ffb87d1b1a203c258a9865154286f029a6e59b6ab099727abd52906b7f,MATCH
tabs/home_parts/part_005.py,23398,8e99f9a998f1258ff0fef51faf369efa49bebc5e9932094e856fa644e3583e92,MATCH
tabs/home_patch_20260609.py,108206,2d8e5dacb34cdd5657f54a8ac66ca0c5b3eede60e27f63ba23065d3c3bdea455,MODIFIED_OR_RECOVERED_BASE
tabs/home_regime_inner_tab_20260614.py,18892,d6de12410ef15bcc536d5544c969d0116c2670ca77271122d575aef5771b61ed,MATCH
tabs/home_split/__init__.py,23,0d8c56a3499c03dd1059fc5151e676f20420888d86a641bd07cef7ec30f354ae,MATCH
tabs/home_split/account_panel.py,859,7b072d6d068fad97490e3ac4707fb60e986370986258470c0e29cf16ae6203b0,MATCH
tabs/home_split/architecture.py,585,de3d0f5103685bdc114f1df0c4d2c0e780d6d7f2bf375ac5b172b7930f0a14f8,MATCH
tabs/home_split/causal_reversal_v12_patch.py,18554,929b8f932ddd26cb21de330958f7021f9a79e7669de46f9a2029ae3de1bfd027,MATCH
tabs/home_split/connectors.py,3126,e92d12557de6af711959dcea35b9991ae93974e4a28993f81101364a8b2f083b,MATCH
tabs/home_split/css_hooks.py,460,428749e70012d7a74e0177c3d1eb935eb9c8b75d3e46200a172de685a586fa3d,MATCH
tabs/home_split/doo_prime_deep.py,3949,11c2428fca8642f740b4180aa887aca8c74d23244a70704a2798680619462400,MATCH
tabs/home_split/doo_prime_deep_parts/__init__.py,105,5e70032694827f9c941de82834eaccd303d033c4eca4940bcd9f596cde125453,MATCH
tabs/home_split/doo_prime_deep_parts/part_01.py,15457,12c6ceb31d4a010b2f9d53a78d1e73604038b85e0b9a91226c07497985b3c05c,MATCH
tabs/home_split/doo_prime_deep_parts/part_02.py,19600,5d7c192d317fd686b9116cfcd57f6720ccc400a335d6cc59d7785f4ac9f1e216,MATCH
tabs/home_split/doo_prime_deep_parts/part_03.py,23577,f435af777cb047d9d98dd0fe9e1c41eeddb33b3774e045b7cc5d4e412976afe5,MATCH
tabs/home_split/doo_prime_deep_parts/part_04.py,20987,974478b246e148d322360245f67dbda313626bdc07c4bff2b36452439ecdf16a,MATCH
tabs/home_split/doo_prime_deep_parts/part_05.py,21447,2a412ad829b215fbe2874fa63b7fee8436948405c41a71602ce1b3f557ff54ca,MATCH
tabs/home_split/doo_prime_deep_parts/part_06.py,14112,501e1493a249318f73b1c4f77e977a2b6bc1c4b10fa8749e149cc7267718c023,MATCH
tabs/home_split/doo_prime_panel.py,816,33a34ee9442855cbd3e815a46edb7dc353f2e590c7170fbf48a9115738eea57e,MATCH
tabs/home_split/finder_home_sync_patch.py,11747,d8f5e730a61f8d1a528b9a0c51930273070e2b55a9eab5a2aa74f66be3743944,MATCH
tabs/home_split/finder_uiux_upgrade.py,10885,702b6fb67eab03804baece0133d320d54fef2536dc045a4de563dbd48cc392ae,MATCH
tabs/home_split/helpers.py,5480,9156f4ea7a7fe6bc50ec1f5e95325b8c3d6c0a8528838b80b58afe4c027cba9c,MATCH
tabs/home_split/home.py,25608,628a24ebffdabee2e299a518c4c64b5296971a69d3ad9f9277f8cb77dd742c75,MATCH
tabs/home_split/home_command_center.py,19792,77e8084c06c502ee0b0091f2e91f546cda14583cdc37857748bd160cf8bdfec6,MATCH
tabs/home_split/home_finder_reversal_history_upgrade.py,20135,f0ed8ca617e43c88fe45e14a455213523ae9e2880ba239fd551f7d0fc5ab5b4f,MATCH
tabs/home_split/home_full_upgrade.py,12539,e2a1957f8d5dfc4b9c10fc09575e7a689e2feb0ad75123f49e083c370051f880,MATCH
tabs/home_split/home_master_upgrade.py,19349,f620a4797d6994d2e4293fd162b56d42ad9c3d62aa29c4e2f545d463f582ebbd,MATCH
tabs/home_split/implementation.py,595,187985e84489f2b1b51cadb0580dfd2377526457701c3c9a772596979065494b,MATCH
tabs/home_split/legacy/__init__.py,0,e3b0c44298fc1c149afbf4c8996fb92427ae41e4649b934ca495991b7852b855,MATCH
tabs/home_split/legacy/implementation.py,5957,3ce419e4da0e19bdb9fa4cdbc534a748955e2117d54fad07c4fe69b40bb68a92,MATCH
tabs/home_split/legacy/implementation_parts/__init__.py,105,5e70032694827f9c941de82834eaccd303d033c4eca4940bcd9f596cde125453,MATCH
tabs/home_split/legacy/implementation_parts/part_01.py,15007,c03a4529c454f4ab2d4e1e30af9138e47f78ec4f1043fde9964013989fd5ef88,MATCH
tabs/home_split/legacy/implementation_parts/part_02.py,17019,ad5dcc7a19b3d780345a6aa35458d2ab817894d92fffd65bd9a28fabadb4ea86,MATCH
tabs/home_split/legacy/implementation_parts/part_03.py,19901,a953103096206c87e069c8c09e5c77059fe1ad889ac563e2d3b05a74e8d97d13,MATCH
tabs/home_split/legacy/implementation_parts/part_04.py,19339,29e8290f90b1feab77033d7893d96ce9787790cdeaade8a5374d83c1db394185,MATCH
tabs/home_split/legacy/implementation_parts/part_05.py,22333,4bdf9b2caf337ca58595dfaafd952cd81eb1d6fdc289cef7e0f05726bd1fe333,MATCH
tabs/home_split/legacy/implementation_parts/part_06.py,16502,d2332cc9bd9bee42031dff30f1cf804fc65221b8650dd0f7f0f4a4e30bdd0064,MATCH
tabs/home_split/legacy_impl/__init__.py,42,354db710adc1d245ea45faee6d66c528b7e4e037e2d1ab5b83c5a3cf6bea0a7e,MATCH
tabs/home_split/legacy_impl/reversal_engine_full_correct_patch_impl.py,882,7528be58fde4e9d61d03d01976ac24b73d4b09dc9cd76e900f2b5beb66c35063,MATCH
tabs/home_split/legacy_impl/reversal_engine_full_correct_patch_impl_parts/__init__.py,52,2a2c475a84c97f2dc5dac81d2c588f67cd812ecdf9ef02e8ecc8c51faac38586,MATCH
tabs/home_split/legacy_impl/reversal_engine_full_correct_patch_impl_parts/part_000.py,22573,72e19831091783f2fdb78d480ff9250372c5e2de0027f28a5bbf1ade596a0bf2,MATCH
tabs/home_split/legacy_impl/reversal_engine_full_correct_patch_impl_parts/part_001.py,9895,05acb77f0b671226a35b3702349fd6844eda00e4c033c1a540fb3cb45f6430f0,MATCH
tabs/home_split/positions.py,5792,40d7ff3e6ae0e96e00c4ade11e3a5b72053d1f305ce2b496583e7dcae9b0bb71,MATCH
tabs/home_split/pro_home_dashboard.py,12611,9a9561cbfd84b6354cba939afe9cc3034613db40c84b6c587857ce89c8248cae,MATCH
tabs/home_split/pro_terminal_uiux.py,9856,d8e81db7cb04b4241d8cf66b3d714a5412ecc2f5e6267f72fc2d58e0ef22a1eb,MATCH
tabs/home_split/reversal_cooldown_quality_upgrade.py,14295,afd3e4da2070323976fb976f916dca4874b46f1365b9c631cb58bfdbbdc3b602,MATCH
tabs/home_split/reversal_engine_full_correct_patch.py,629,625adea757b27f010c80501f4b4dfc62d8fe292f976e5dffa81c041d09ad5fd7,MATCH
tabs/home_split/risk_panel.py,449,ad89811582e66aa684ea19a17823040fe4c20f47a5cdaa642662d99edc6e6760,MATCH
tabs/home_split/risk_status.py,1856,a03e23408e020d8a4a67d36db8356a8ee99617c499d6a41fedc961f0031ddca5,MATCH
tabs/home_split/uiux_hooks.py,366,29edd9c812a79c83a56614f85bbdd7b3c03d2bd3cee163e3431c7871b805f90e,MATCH
tabs/home_split/v13_locked_history_tables_patch.py,18801,3b95097bdcdb611c3b7a3a746a24869d328361d930bd2b97a617e98ac9f5c728,MATCH
tabs/home_split/v14_phase_transition_detector.py,14768,90b45aed24077a99f141e290b974f0a9489673b6d5693a2aae4c4d099e89593f,MATCH
tabs/home_split/v19_one_field_reversal_metric_patch.py,15969,1b7a4f1a317161c3071a7a11063d258e45e124f83e0b5949e94d39b4df0474ee,MODIFIED_OR_RECOVERED_BASE
tabs/home_split/v5_home_uiux_metric_collapse_patch.py,7978,8e25104803f4311edf739da7860e8e5ce4200f9613a9b7a6a53dfa6dc3d4e5e4,MATCH
tabs/knn_priority_placement_20260611.py,16944,4a148fea154be9496dcc0ffd1a4bd67bb41b16ae0ed64f510eb2c34400e4c43d,MATCH
tabs/legacy_impl/__init__.py,42,354db710adc1d245ea45faee6d66c528b7e4e037e2d1ab5b83c5a3cf6bea0a7e,MATCH
tabs/legacy_impl/upgraded_doo_prime_home_impl.py,827,6159901a15c5b04f12d476b50f5de160a0ac6c6a04b8005a8078c08612d9fa04,MATCH
tabs/legacy_impl/upgraded_doo_prime_home_impl_parts/__init__.py,52,2a2c475a84c97f2dc5dac81d2c588f67cd812ecdf9ef02e8ecc8c51faac38586,MATCH
tabs/legacy_impl/upgraded_doo_prime_home_impl_parts/part_000.py,10874,280f200c6ba6a34ed25f171eb59087215ba62290aefd1e56c49d75cfaef2945c,MATCH
tabs/legacy_impl/upgraded_doo_prime_home_impl_parts/part_001.py,19996,83113add0f66b9ecf010fece40359805756c85036ee3c2321929373b62abb5ac,MATCH
tabs/legacy_impl/upgraded_doo_prime_home_impl_parts/part_002.py,15804,9523bcd15abf6b7d033321bbeca7371979d5343b94b425268d294c9e8f7117ff,MATCH
tabs/legacy_impl/upgraded_doo_prime_home_impl_parts/part_003.py,7510,3d6a6701f150fe719ccac09f21c0911a6335089d372586560433d1b17f8fdd91,MATCH
tabs/lunch_unified_sync_run_gate_20260612.py,37156,5a595be5fbd81cc1d666b971b5dfe282a24d8204af302ec77a72b57df72c7249,MATCH
tabs/mix.py,8717,f778d611910adecb27910cc78dc2f7fc78b75c0eb3966750cb478b4e96021000,MATCH
tabs/other.py,4093,bfe2cb332349639eef660ad9ad1c3525b569a3c17d41b9a226b934a27e056bc2,MODIFIED_OR_RECOVERED_BASE
tabs/pre_clean_split/__init__.py,31,29fe5a1492b790a52c5fa6a1220a469e310f7b82f679c59b5679e3dda69b0817,MATCH
tabs/pre_clean_split/constants.py,391,ede71538787416f13585339821ef19120889db7161d91e72acf42fbc2bd5bc1f,MATCH
tabs/pre_clean_split/data.py,8614,597fc2923f44975cba50f766abe94b167398d3feae753fded6a0e1affb2f940a,MODIFIED_OR_RECOVERED_BASE
tabs/pre_clean_split/exit_survivability.py,596,7c9fe671c0fbe34c3754b1ba3823020767cfb5d7b06291c45166020f4abfe19b,MATCH
tabs/pre_clean_split/history_engine.py,584,ed703fbdaa344df892c366e231637a15951220ccff87da3188492afd800b21c1,MATCH
tabs/pre_clean_split/history_tab.py,11700,6ff4f1b4cf5e6c6f5acf256bd72ffa3217e30b2dee2a0973b8035c84ba4940c0,MATCH
tabs/pre_clean_split/legacy_impl/__init__.py,42,354db710adc1d245ea45faee6d66c528b7e4e037e2d1ab5b83c5a3cf6bea0a7e,MATCH
tabs/pre_clean_split/legacy_impl/exit_survivability_impl.py,823,7f65568df4126a488ef54fa3ffcbd4ba9053a72ef884c470a7262dd43badecf3,MATCH
tabs/pre_clean_split/legacy_impl/exit_survivability_impl_parts/__init__.py,52,2a2c475a84c97f2dc5dac81d2c588f67cd812ecdf9ef02e8ecc8c51faac38586,MATCH
tabs/pre_clean_split/legacy_impl/exit_survivability_impl_parts/part_000.py,11757,67c8a5be460de881b808d3e57a91c5ad94363659d7b6294a6c8a66a3b1928694,MATCH
tabs/pre_clean_split/legacy_impl/exit_survivability_impl_parts/part_001.py,12204,e10aa91282681493ac3173156196636118d2214195a7b84290b889e64c8b3884,MATCH
tabs/pre_clean_split/legacy_impl/exit_survivability_impl_parts/part_002.py,14139,3640051089066d39413713316612ad0e9576fdb4e1f7ee073cb3719c57451fc1,MATCH
tabs/pre_clean_split/legacy_impl/exit_survivability_impl_parts/part_003.py,4380,98cc723461fe24f5ab7152dd350ea26372a721bd27a93b8fb5e11c3a7d19a706,MATCH
tabs/pre_clean_split/legacy_impl/history_engine_impl.py,807,58be53a2f260661b3263f55858318e66b4e2d0b3eace5a4814edc30b74871d85,MATCH
tabs/pre_clean_split/legacy_impl/history_engine_impl_parts/__init__.py,52,2a2c475a84c97f2dc5dac81d2c588f67cd812ecdf9ef02e8ecc8c51faac38586,MATCH
tabs/pre_clean_split/legacy_impl/history_engine_impl_parts/part_000.py,13711,cb08e01ebd17dc83abe949726a1d77087df49d8f62214c743d1d21a489cc43d5,MATCH
tabs/pre_clean_split/legacy_impl/history_engine_impl_parts/part_001.py,5657,9258f81f916de771badb6779d5940ff6919c93442902e75246e492db81bb5b4f,MATCH
tabs/pre_clean_split/pre_original.py,1893,fd67029a57f7b3346b7c31fb8c6d70a6e852a8a2fbd32adb7eeb50313e8ae744,MATCH
tabs/pre_clean_split/pretrade.py,2900,2d1e02e5036379bef91948c16e1e53651e4383e711f0ca8a0ee4bb215b00ace4,MATCH
tabs/pre_clean_split/symbols.py,1878,fabf46b9aa4692a5d1ff116961e311e85a5a48054dfd94ec0e99a3747e56f71e,MATCH
tabs/pre_clean_split/timer.py,8592,34c578dc3520a18b9402517eaab166588e523d396b194a77fb9831d1efdaf268,MATCH
tabs/pre_clean_split/utils.py,1410,f7e57546332be9caa2aac38d96940e8f46a1ccee0c43750582a9a2f1ced42c13,MATCH
tabs/pre_original.py,666,9129cc74e1455c641082f94fd775daefe864aaee88ed9491897d603cd020d095,MATCH
tabs/profile.py,861,4b2e4944fb03c0191eec2a486ee5e760b54d924c0ce8cf945134b4372b73a1c4,MATCH
tabs/profile_dashboard_split/__init__.py,36,ea475819ec3d1f69ff6b5da9c6bebd4ccc60a5e6808c2fca566e3945a0c5c189,MATCH
tabs/profile_dashboard_split/constants.py,137,e05c951c54e9a9a72ea004da85b40404597358b32347a0dcaf7c58d97cdc4003,MATCH
tabs/profile_dashboard_split/helpers.py,9008,477c3ad59b9c491f9879065e97a7a3494e9ccc4522b8f01ba49c6f2e6ebee2e4,MATCH
tabs/profile_dashboard_split/helpers.py.bak_profile_original,4588,a938a1d3506f71cc1770383fce5c05a9229449784b4b91469ea57fc4c3cd8eae,NEW
tabs/profile_dashboard_split/legacy_impl/__init__.py,27,723fec31a9eb018777101b1afcbe2e5b337f814845c3f6f38026b256a180a497,MATCH
tabs/profile_dashboard_split/legacy_impl/constants_impl.py,795,bdccd6b495667c3a44d6024e3d94de4bdd39253845a827b728dc1cd53fe35697,MATCH
tabs/profile_dashboard_split/legacy_impl/constants_impl_parts/__init__.py,52,2a2c475a84c97f2dc5dac81d2c588f67cd812ecdf9ef02e8ecc8c51faac38586,MATCH
tabs/profile_dashboard_split/legacy_impl/constants_impl_parts/part_000.py,10348,8c24b67d45e2b976791750ccb57eea47651291e0ed5c67bed62fe6a3fd8edbf0,MATCH
tabs/profile_dashboard_split/legacy_impl/constants_impl_parts/part_001.py,4945,c42acf8c9ca3a0750332a2dd15461636a8cd7c9bb97c1a5c79720cbd73974f74,MATCH
tabs/profile_dashboard_split/profile.py,222,043c423bedfa2ee785a9ca9480e384ba95ce0cc57e1b8da1a16a2242b7b59a17,MATCH
tabs/profile_dashboard_split/profile_dashboard.py,3813,1ffc69b0148619b6e8a45095003eb4ecd9f6f8a26c12fb1e7f6dd67642faea8f,MATCH
tabs/profile_dashboard_split/profile_dashboard.py.bak_profile_original,3372,42b298ba775784f88fe1595687cbb771802e22f0e29a23287fcebb5cc33475ed,NEW
tabs/profile_dashboard_split/profile_dashboard_split/__init__.py,36,ea475819ec3d1f69ff6b5da9c6bebd4ccc60a5e6808c2fca566e3945a0c5c189,MATCH
tabs/profile_dashboard_split/profile_dashboard_split/constants.py,161,4ab25a94bbd8095d357b3a5a8777ccb590179a0bdd42ba956c9ba6f6e0ed4c7d,MATCH
tabs/profile_dashboard_split/profile_dashboard_split/helpers.py,2531,a597f943c367bb7ec19beac8dc3f58d64f67c780abbc22e1386386ba42ec1c1a,MATCH
tabs/profile_dashboard_split/profile_dashboard_split/legacy_impl/__init__.py,27,723fec31a9eb018777101b1afcbe2e5b337f814845c3f6f38026b256a180a497,MATCH
tabs/profile_dashboard_split/profile_dashboard_split/legacy_impl/constants_impl.py,819,0bdb9e90f94935cd25e59cf56c476bbd87fe60c21af666798ac123eae482946f,MATCH
tabs/profile_dashboard_split/profile_dashboard_split/legacy_impl/constants_impl_parts/__init__.py,52,2a2c475a84c97f2dc5dac81d2c588f67cd812ecdf9ef02e8ecc8c51faac38586,MATCH
tabs/profile_dashboard_split/profile_dashboard_split/legacy_impl/constants_impl_parts/part_000.py,10348,8c24b67d45e2b976791750ccb57eea47651291e0ed5c67bed62fe6a3fd8edbf0,MATCH
tabs/profile_dashboard_split/profile_dashboard_split/legacy_impl/constants_impl_parts/part_001.py,4945,c42acf8c9ca3a0750332a2dd15461636a8cd7c9bb97c1a5c79720cbd73974f74,MATCH
tabs/profile_dashboard_split/profile_dashboard_split/profile_dashboard.py,1343,e3829d7fcb76f8aca86c57afa89d56fe517f7d1411c6bc84f9fccbdf0107e37b,MATCH
tabs/profile_dashboard_split/profile_dashboard_split/styles.py,1452,29eade226b79db1b207197f60befd3dc49eacb95ec04ce68f8e88e0519a4bc96,MATCH
tabs/profile_dashboard_split/profile_dashboard_split/tabs.py,10766,ba1912d5bc8ae325ec23df71d2b966c9868969aa97781b84907d75480702614c,MODIFIED_OR_RECOVERED_BASE
tabs/profile_dashboard_split/styles.py,2124,871013cd20666e0cd80a53b97ce7b67915a83f89f13a25649533e821f58477c2,MATCH
tabs/profile_dashboard_split/styles.py.bak_profile_original,1874,84352bfbbd534f5423e34504ece48688e5b32630de77937839c5247b13b86be0,NEW
tabs/profile_dashboard_split/tabs.py,23450,ad2734c66fc1d6bfa96accae560a50adddc02126148bfdfe207984ccfc8827ac,MODIFIED_OR_RECOVERED_BASE
tabs/profile_dashboard_split/tabs.py.bak_profile_original,18565,f5361bf0a075bba43c00409d60a5090d42128beef242053b405d33ea736371ba,NEW
tabs/reliability_control_center_20260614.py,35390,99a11bcb4371fd1e79ebee97dd8455fc90af0df98dd2b33d3941f75a6b253d6d,MODIFIED_OR_RECOVERED_BASE
tabs/research.py,21967,0ff107308247c09fa689a03717880162b6f25b548dc4794c39e25222b47b4c36,MODIFIED_OR_RECOVERED_BASE
tabs/risk.py,11509,2a3ce8831bbfe9955223659bfa44ed3b4553b8c7ff69b074834bfab7eea423bb,MATCH
tabs/train/__init__.py,0,e3b0c44298fc1c149afbf4c8996fb92427ae41e4649b934ca495991b7852b855,MATCH
tabs/train/legacy_impl/__init__.py,42,354db710adc1d245ea45faee6d66c528b7e4e037e2d1ab5b83c5a3cf6bea0a7e,MATCH
tabs/train/legacy_impl/train_data_legacy_impl.py,809,34475fbdb973d55778e84dc46bc8453f9ca30868b767471e799fccb15b50a643,MATCH
tabs/train/legacy_impl/train_data_legacy_impl_parts/__init__.py,52,2a2c475a84c97f2dc5dac81d2c588f67cd812ecdf9ef02e8ecc8c51faac38586,MATCH
tabs/train/legacy_impl/train_data_legacy_impl_parts/part_000.py,19468,98ce961a57bae6985c1d4a7baeccdc360d2f410fad261c6c48f3ce6c11c1ca4f,MODIFIED_OR_RECOVERED_BASE
tabs/train/legacy_impl/train_data_legacy_impl_parts/part_001.py,21570,4b8b190cea92f500c5d9d199143427e3474af9bd45bb516a9666d488dce98d23,MATCH
tabs/train/train_data.py,106,eb07a885b1f3ea0b3a6af209fea9be7859833c0616824ddd1bb50168cbd7547c,MATCH
tabs/train/train_data_legacy.py,563,d01a8a829e9fcfc8037d82e812850acdbc309c57390c4b26161910a8192ccefa,MATCH
tabs/train_data.py,648,b2d321fbf381daaa3d3e9e972f43c5d15359d931acdf06b7006dd9e06d79b666,MODIFIED_OR_RECOVERED_BASE
tabs/upgraded_doo_prime_home.py,563,02cd1bfc758f9d036184b23ff8745edf3b95a95a837cedaa1c13097fca2b0773,MATCH
tests/test_compile_and_runtime_20260621.py,764,582d31adf8464a464f973311fba1afd39a3abcc8c08dd515d649e1ea8ac54e14,NEW
tests/test_history_quality_mobile_20260621.py,8150,4f344f396b28c6be1f380fddcc26327d3cfdd0b3935eae4836a6a2a4beaed2f7,NEW
tools/bench_lunch_app_20260621.py,130,822c0c1331c852a8557cf71acaec5ea292f92f6754c309afc4f80e8eb263cecc,NEW
tools/benchmark_history_quality_20260621.py,10189,e73b969ee4474a2b19296fd1a0a158870e02e53943e89e438efc096edaf891d6,NEW
tools/generate_release_reports_20260621.py,27880,9a4c48db17ffcd486f44057376249bf4704793eeee45bce58f61b72130b11dad,NEW
tools/validate_architecture.py,1673,d437287f4ae81debc203349dc61510c97c40761c5d67014a65682e9530a458bd,MODIFIED_OR_RECOVERED_BASE
ui/__init__.py,73,59c45820d0c40287a5c43c0a646560b54b22cc61681ae694715a0887f2696000,MATCH
ui/antd_navigation_20260615.py,11377,bad8e20950bfdf6978b76a9140382457b2662f4224c0afc1ffb64a639927ad3f,MODIFIED_OR_RECOVERED_BASE
ui/app_shell.py,518,5460df36e74c34333f1e993f52237efe9f15136f5d3cb4a0cb56b59ccf7369d7,MATCH
ui/copy_tools.py,460,71a57e2cbed27f1cbc03a6e49f017d901dfe7c548e68367c645411235ae307a4,MODIFIED_OR_RECOVERED_BASE
ui/error_boundary.py,623,fcaf142167ff1d2866846b56ec9177aef054b4477d00a4567c06af704e8bf654,MATCH
ui/home_master_control_bar_20260615.py,507,faf5ef42aaabb82a85f3276218268443d1f98efbb55b7881ed060c929db73ef7,MODIFIED_OR_RECOVERED_BASE
ui/liquid_glass_theme_20260615.py,274,2263c3bc48cc681e658276ffd29fa5e4bac692208d0c4b92e2966aaa2e0bf5fd,MODIFIED_OR_RECOVERED_BASE
ui/liquid_menu_popup_20260615.py,95,01426ce6358758e955009221dbf3a6e4da37f3fc813aa0b30e845b608d081d4c,MODIFIED_OR_RECOVERED_BASE
ui/logic_safety_panel.py,11040,2100c61e2c1c8ac16dde7ffe400b1ed3fb42c8f3938b1bf31bc7ce638fa815e4,MATCH
ui/lunch_four_core_fields_20260619.py,12968,045d80b8558e363b08515dfac0fee9be726cf8a6b6974e0087da04f23165bbde,MODIFIED_OR_RECOVERED_BASE
ui/main_menu_drawer.py,6871,f4dce5f5f2c9cc91679f6694fdac078ad8e949bddddfb91a6f394ab3ab8ceaa8,MODIFIED_OR_RECOVERED_BASE
ui/mobile_css.py,2396,eaeb258f5c4da0e02964e6e05dadf31bc2ef4a8ebd07d9a9a5966877bcbebbbf,MODIFIED_OR_RECOVERED_BASE
ui/mobile_low_heat_20260617.py,872,3101452ff15f001d56a6fed7030b98b07ce03906b66ab4a73c36fb88b388c562,MODIFIED_OR_RECOVERED_BASE
ui/native_sidebar_js.py,1339,181642fc08f40c4f73b6e0b897a5614f3218af80bef24d5fb87977148e08105a,MATCH
ui/navigation_registry.py,1909,09d7e6e240dbf3d752bc3b1866dc63e4b7193acadbc3a450e04bdd388b5a2519,MATCH
ui/nlp_research_panel.py,456,1e30844df0c2b48d997245c1a4669443710c3e828ffcd6b52a592358fbf74384,MODIFIED_OR_RECOVERED_BASE
ui/powerbi_cached_renderer_20260619.py,1338,77d4438351dea469142ad1b60ca9a4f53facd1cf296a1a28a1c6c5c90ab1f9b8,MODIFIED_OR_RECOVERED_BASE
ui/safe_tab_switch_20260615.py,5639,3cdf4030b5f8353fe251d3aac7d5b75b38f73d531726ef114ce9d868770f6635,MATCH
ui/sidebar_fallback_panel.py,14534,ef661be338b40dcf2b3e5f8380ec3061ad151def2d2641a70d30a7176ec42df5,MODIFIED_OR_RECOVERED_BASE
ui/sidebar_hard_lock.py,4604,b50246209e9cf0aae554bbb319d2891b12c8c1512f40700b943fca669bb4ce58,MODIFIED_OR_RECOVERED_BASE
ui/stable_ui_libs_20260615.py,358,eceff15fc471c2352cadbab0719ec4c5618c359f966be109b5d0c3c6ffffb68e,MODIFIED_OR_RECOVERED_BASE
ui/top_status_bar.py,1055,f39e993965d717be6211a3546f252d4f9a9bfea6758968d63c43140cd2aefcd6,MODIFIED_OR_RECOVERED_BASE
ui/ui_health_check.py,2026,fbce908984e0f1291bd6b92c87b6b5ce9daeec60919f963e632d519c9bf71a70,MATCH
